# Blender v2.79 (sub 0) OBJ File: 'Pirate111.blend'
# www.blender.org
o PirateBuidlding1_Cylinder.185
v 4.269542 0.146652 4.956488
v -3.413452 0.240215 -1.766387
v 4.112590 0.169960 -3.107755
v 0.060824 0.183249 5.191008
v -0.033616 0.189480 3.464341
v 0.064646 0.389716 5.191982
v 4.273363 0.353119 4.957461
v 4.116411 0.376426 -3.106781
v -3.409631 0.446682 -1.765412
v -0.029795 0.395947 3.465315
v 1.268946 0.170288 5.107955
v 2.397782 0.162928 5.060786
v 1.287184 0.376630 5.108126
v 2.390522 0.369491 5.062379
v 1.275923 0.127638 5.285505
v 2.404760 0.135728 5.238457
v 1.294161 0.331285 5.351570
v 2.397500 0.339132 5.305939
v -1.895622 0.210263 3.475432
v -1.888844 0.209963 3.566046
v -1.895622 0.416775 3.475432
v -1.888756 0.416471 3.567225
v -0.984600 0.200250 3.407289
v -0.976467 0.199889 3.516029
v -0.984601 0.406762 3.407289
v -0.976379 0.406398 3.517207
v -3.223532 0.437087 1.267393
v -3.229970 0.230755 1.223762
v -3.359286 0.233399 1.232675
v -3.211543 0.225782 3.640382
v -3.352847 0.439731 1.276306
v -3.207722 0.432249 3.641356
v 4.865058 1.888298 3.469175
v 4.828032 0.684666 3.346557
v 4.787227 1.899342 3.336356
v 4.750201 0.695710 3.213737
v 4.801387 1.922112 3.442948
v 4.581468 0.751417 3.462940
v 3.768950 2.108322 3.145095
v 3.549031 0.937626 3.165087
v 0.976506 6.481481 -0.991539
v 1.353948 5.264293 -0.743547
v 0.809253 6.381710 -1.105976
v 1.186695 5.164522 -0.857984
v -0.309053 5.742215 -2.514247
v 0.445149 4.483900 -2.496816
v 0.972972 6.532540 -0.932436
v 1.727174 5.274226 -0.915005
v 0.932618 6.532388 -0.885530
v 1.006266 6.514924 -0.945261
v 1.064252 6.439691 -0.961824
v 1.072610 6.350760 -0.925518
v 1.026442 6.300224 -0.857610
v 0.952794 6.317689 -0.797879
v 0.894808 6.392921 -0.781315
v 0.886450 6.481853 -0.817621
v -0.374854 5.840540 -2.292111
v -0.298141 5.822349 -2.354329
v -0.237741 5.743984 -2.371582
v -0.229036 5.651351 -2.333765
v -0.277125 5.598714 -2.263030
v -0.353838 5.616904 -2.200813
v -0.414238 5.695269 -2.183559
v -0.422943 5.787902 -2.221377
v -0.825292 3.436913 2.321462
v -0.816283 3.548195 2.367027
v -0.910060 3.995459 1.697723
v -0.570245 3.421285 2.231252
v -0.561236 3.532566 2.276817
v -0.777610 3.363333 0.976655
v -0.784595 3.473909 0.930864
v -0.448096 3.979819 1.605357
v -0.445959 4.151075 1.598786
v -1.030985 3.379035 1.076417
v -1.037970 3.489611 1.030627
v -0.907817 4.166721 1.691771
v -1.182760 3.285570 2.644721
v -1.166873 3.427643 2.704082
v -1.161269 4.079438 1.806476
v -0.730001 3.334018 2.502661
v -0.714115 3.476091 2.562022
v -1.150900 3.773799 2.059207
v -1.180758 3.474328 2.377937
v -1.169475 3.615793 2.437572
v -1.140138 3.915195 2.115262
v -0.819348 3.493914 2.233109
v -0.857950 3.774170 1.946958
v -0.847189 3.915566 2.003013
v -0.808064 3.635379 2.292744
v -1.019064 3.253670 0.863166
v -1.025400 3.394326 0.803145
v -0.910181 4.074278 1.689492
v -0.910432 4.291445 1.681310
v -1.469498 3.205369 1.017709
v -1.475835 3.346026 0.957689
v -1.161410 4.296609 1.799083
v -0.932416 3.708449 1.418735
v -0.981150 3.423517 1.131049
v -0.988895 3.563987 1.071112
v -0.940321 3.848899 1.362435
v -1.340571 3.404035 1.288379
v -1.223414 3.708177 1.542733
v -1.231319 3.848627 1.486432
v -1.348316 3.544505 1.228443
v 1.282648 0.325987 2.258405
v 1.210937 0.307870 1.907290
v 3.329727 0.334565 2.052545
v 3.258016 0.316448 1.701430
v 3.357363 1.154185 2.034665
v 3.285652 1.136068 1.683550
v 3.106736 1.848354 2.028778
v 3.035025 1.830236 1.677663
v 2.735743 2.311409 2.042261
v 2.664032 2.293292 1.691146
v 2.301020 2.433757 2.070260
v 2.229310 2.415640 1.719144
v 1.868303 2.308113 2.116490
v 1.796592 2.289995 1.765375
v 1.503916 1.842263 2.165936
v 1.432206 1.824145 1.814821
v 1.263178 1.146227 2.213871
v 1.191467 1.128109 1.862756
v 2.231960 2.044628 1.733237
v 2.303633 2.062745 2.084356
v 2.501823 1.939922 1.704449
v 2.573534 1.958039 2.055564
v 2.726015 1.632831 1.698925
v 2.797726 1.650948 2.050041
v 1.953001 1.937167 1.777763
v 2.024712 1.955285 2.128879
v 1.628938 0.318250 1.903392
v 1.574161 1.030519 1.858675
v 1.700649 0.336367 2.254508
v 1.645872 1.048637 2.209790
v 1.761462 1.656370 1.805174
v 1.833172 1.674487 2.156289
v 2.907282 0.343441 2.053587
v 2.835571 0.325324 1.702472
v 2.918632 1.036862 1.694098
v 2.990343 1.054979 2.045213
v -0.139369 5.885112 -2.072901
v -0.210133 5.991100 -2.122078
v -0.157641 5.616190 -2.208286
v -0.250752 5.770818 -2.266712
v -0.234132 5.806310 -2.040579
v -0.305004 5.921439 -2.093826
v -0.245172 5.672116 -2.106589
v -0.326509 5.811394 -2.164986
v -0.052769 5.833819 -2.171263
v -0.134652 5.953122 -2.221418
v -0.153745 5.842923 -2.294880
v -0.059964 5.699182 -2.240615
v -0.127971 5.923410 -2.043138
v -0.199584 6.029152 -2.091604
v -0.182014 5.600295 -2.248194
v -0.276032 5.754659 -2.305867
v -0.265327 5.820299 -2.002261
v -0.333375 5.937864 -2.054224
v -0.292367 5.659232 -2.105382
v -0.374066 5.800515 -2.158733
v -0.019196 5.866349 -2.187754
v -0.101332 5.987668 -2.232989
v -0.137103 5.850533 -2.342751
v -0.046309 5.704248 -2.289754
v -0.325526 5.836677 -2.097490
v -0.382915 5.749675 -2.170124
v -0.019407 5.852778 -2.140246
v -0.111352 5.736325 -2.234589
v -0.226197 5.740990 -2.038195
v -0.290842 5.653008 -2.117308
v -0.073235 5.746866 -2.057986
v -0.155086 5.644971 -2.148431
v -0.276837 5.940913 -2.178015
v -0.342327 5.840334 -2.254849
v -0.206567 5.835039 -2.288193
v -0.123789 5.951167 -2.200988
v -0.375897 5.843528 -2.082304
v -0.432973 5.755599 -2.154157
v 0.018008 5.829685 -2.170679
v -0.073598 5.712243 -2.264193
v -0.240449 5.703829 -2.005186
v -0.308883 5.618594 -2.084025
v -0.043757 5.696857 -2.050065
v -0.129043 5.594131 -2.136446
v -0.314717 5.974503 -2.205042
v -0.383652 5.873216 -2.277939
v -0.204116 5.854308 -2.335563
v -0.117392 5.967520 -2.248576
v 0.732551 6.379572 -0.962303
v 0.675161 6.292570 -1.034936
v 1.038669 6.395674 -1.005059
v 0.946724 6.279220 -1.099401
v 0.831879 6.283885 -0.903007
v 0.767235 6.195903 -0.982121
v 0.984842 6.289762 -0.922798
v 0.902991 6.187867 -1.013243
v 0.781239 6.483808 -1.042827
v 0.715749 6.383229 -1.119662
v 0.851510 6.377934 -1.153006
v 0.934288 6.494062 -1.065800
v 0.682179 6.386424 -0.947116
v 0.625104 6.298494 -1.018970
v 1.076085 6.372581 -1.035491
v 0.984479 6.255138 -1.129005
v 0.817627 6.246724 -0.869998
v 0.749194 6.161489 -0.948838
v 1.014320 6.239752 -0.914877
v 0.929034 6.137026 -1.001258
v 0.743360 6.517398 -1.069855
v 0.674425 6.416111 -1.142751
v 0.853960 6.397203 -1.200376
v 0.940685 6.510416 -1.113389
v 0.918708 6.428008 -0.937715
v 0.847944 6.533995 -0.986892
v 0.900436 6.159085 -1.073099
v 0.807324 6.313714 -1.131526
v 0.823945 6.349205 -0.905393
v 0.753073 6.464334 -0.958639
v 0.812905 6.215011 -0.971402
v 0.731567 6.354289 -1.029799
v 1.005308 6.376714 -1.036077
v 0.923424 6.496017 -1.086232
v 0.904331 6.385818 -1.159693
v 0.998113 6.242077 -1.105429
v 0.930105 6.466306 -0.907951
v 0.858492 6.572048 -0.956418
v 0.876062 6.143190 -1.113007
v 0.782045 6.297554 -1.170681
v 0.792750 6.363194 -0.867074
v 0.724702 6.480760 -0.919037
v 0.765710 6.202127 -0.970195
v 0.684011 6.343410 -1.023547
v 1.038881 6.409244 -1.052567
v 0.956745 6.530563 -1.097803
v 0.920974 6.393428 -1.207564
v 1.011768 6.247144 -1.154568
v -2.345120 1.989426 -0.671912
v -2.398924 1.986298 -0.576320
v -2.337372 2.202982 -0.795045
v -2.409276 2.187891 -0.661697
v -2.432445 2.038073 -0.735475
v -2.485710 2.032791 -0.631943
v -2.430505 2.144339 -0.797510
v -2.492116 2.133245 -0.675018
v -2.253370 2.044196 -0.667708
v -2.316731 2.038408 -0.562255
v -2.320661 2.139516 -0.604538
v -2.247534 2.151417 -0.728756
v -2.340319 1.950481 -0.659220
v -2.394977 1.947326 -0.564066
v -2.351867 2.240533 -0.787716
v -2.424681 2.225417 -0.654835
v -2.465953 2.018915 -0.741267
v -2.516988 2.010874 -0.636747
v -2.471646 2.164041 -0.804927
v -2.534417 2.149228 -0.683232
v -2.221618 2.027542 -0.639903
v -2.286023 2.018068 -0.535189
v -2.298309 2.157810 -0.579463
v -2.227557 2.172564 -0.704741
v -2.352662 2.115929 -0.734179
v -2.322341 2.011487 -0.714176
v -2.526173 2.219117 -0.576953
v -2.476993 2.075027 -0.558420
v -2.460651 2.099057 -0.755209
v -2.424239 1.989451 -0.733232
v -2.548463 2.149536 -0.678196
v -2.502282 2.020571 -0.656430
v -2.328180 2.183077 -0.636579
v -2.295717 2.064805 -0.618631
v -2.372291 2.097222 -0.539690
v -2.413801 2.235767 -0.556399
v -2.323581 2.108280 -0.764895
v -2.293962 2.003515 -0.745514
v -2.547711 2.205988 -0.542090
v -2.499280 2.061555 -0.524214
v -2.472554 2.077492 -0.792096
v -2.433028 1.968654 -0.771415
v -2.584273 2.126010 -0.680269
v -2.537375 1.996512 -0.663139
v -2.286604 2.186074 -0.625589
v -2.253345 2.067317 -0.612164
v -2.354319 2.097484 -0.499135
v -2.399108 2.235212 -0.514554
v -2.368030 1.856926 0.994688
v -2.349716 1.923848 1.069876
v -2.536409 1.913799 0.838287
v -2.503448 1.999829 0.946221
v -2.465960 1.834072 1.016879
v -2.442636 1.905672 1.095376
v -2.551026 1.861602 0.940297
v -2.520091 1.943005 1.034557
v -2.351189 1.907593 0.896321
v -2.331669 1.979388 0.983593
v -2.407913 2.018030 0.920767
v -2.434427 1.936930 0.816533
v -2.338668 1.839560 1.015133
v -2.320954 1.906044 1.090857
v -2.560760 1.944804 0.832738
v -2.528441 2.030370 0.941242
v -2.474485 1.812866 1.050964
v -2.448116 1.883481 1.129462
v -2.585282 1.866022 0.959846
v -2.553237 1.944059 1.056659
v -2.314039 1.920278 0.889271
v -2.293344 1.988785 0.979007
v -2.395714 2.052542 0.902206
v -2.425429 1.972424 0.798010
v -2.441771 1.955789 1.087403
v -2.497823 2.016186 1.028080
v -2.299080 1.808178 0.987798
v -2.380881 1.896004 0.914057
v -2.468358 1.861384 1.038485
v -2.526468 1.929004 0.977830
v -2.398625 1.786626 0.988358
v -2.469018 1.868238 0.920658
v -2.345638 1.979172 1.088284
v -2.411669 2.044917 1.022693
v -2.352186 1.985530 0.965864
v -2.272706 1.906387 1.038848
v -2.461720 1.976867 1.112175
v -2.518339 2.036607 1.052659
v -2.290131 1.800477 0.951833
v -2.372532 1.887602 0.877882
v -2.502324 1.849145 1.039227
v -2.560488 1.919001 0.981143
v -2.416510 1.761440 0.958792
v -2.489663 1.842838 0.893514
v -2.336150 2.017126 1.103506
v -2.404849 2.082738 1.040344
v -2.329875 2.009899 0.953184
v -2.250382 1.928388 1.023494
v 0.126439 0.852337 5.248303
v 0.135056 1.045941 5.292912
v -0.228146 0.712087 4.990714
v -0.198539 0.976571 5.063188
v -0.046204 0.806878 5.338826
v -0.030081 1.013174 5.382251
v -0.224622 0.736797 5.213857
v -0.197617 0.978359 5.269883
v 0.128065 0.829983 5.031910
v 0.137518 1.044873 5.090416
v -0.028475 1.010331 4.973071
v -0.047956 0.759860 4.899323
v 0.191262 0.857638 5.290085
v 0.198987 1.050932 5.336204
v -0.288830 0.746218 4.956933
v -0.260180 1.010375 5.031012
v -0.050151 0.807969 5.418488
v -0.027825 1.013776 5.461990
v -0.289970 0.753271 5.251401
v -0.259139 0.992728 5.314709
v 0.191791 0.855024 4.995551
v 0.205149 1.067858 5.061092
v -0.022716 1.048374 4.903188
v -0.048687 0.798378 4.829480
v -0.178303 0.840634 5.259092
v -0.182828 0.687161 5.211583
v 0.092659 1.053460 5.119089
v 0.072772 0.838594 5.063116
v -0.033823 0.840448 5.331870
v -0.044479 0.678387 5.278740
v 0.102789 0.945305 5.264455
v 0.084061 0.753200 5.206257
v -0.192193 0.944250 5.117723
v -0.196602 0.770246 5.071241
v -0.069595 0.846850 4.995262
v -0.057957 1.052168 5.045145
v -0.228130 0.818077 5.289290
v -0.231848 0.664231 5.242913
v 0.139579 1.045131 5.078580
v 0.120557 0.829868 5.023809
v -0.026003 0.807379 5.386656
v -0.041655 0.645451 5.334094
v 0.157637 0.920402 5.280544
v 0.136251 0.726692 5.228466
v -0.245702 0.939754 5.085439
v -0.252848 0.764209 5.044889
v -0.078341 0.848585 4.931407
v -0.061470 1.053741 4.980795
v -0.262603 0.783976 3.557324
v -0.236649 0.630508 3.579953
v -0.215305 1.004107 3.843272
v -0.183233 0.788874 3.858706
v -0.382647 0.804080 3.658559
v -0.350356 0.641199 3.678337
v -0.361925 0.912973 3.801624
v -0.325603 0.719731 3.817745
v -0.118663 0.870699 3.594289
v -0.096111 0.697420 3.617722
v -0.067435 0.777234 3.757019
v -0.092060 0.981879 3.737068
v -0.273312 0.759969 3.502122
v -0.248721 0.606316 3.525055
v -0.197945 0.996972 3.901529
v -0.167323 0.781543 3.917293
v -0.438514 0.777579 3.646039
v -0.404814 0.614396 3.661110
v -0.400133 0.895504 3.845870
v -0.368459 0.700989 3.857316
v -0.069983 0.858357 3.559113
v -0.051874 0.683842 3.577868
v -0.006832 0.772458 3.773912
v -0.033024 0.977404 3.758854
v -0.367531 0.823655 3.834081
v -0.387683 1.016183 3.814101
v -0.019045 0.630895 3.623866
v -0.063670 0.896639 3.608073
v -0.388139 0.770943 3.646552
v -0.408582 0.976398 3.633081
v -0.216882 0.674835 3.538946
v -0.248539 0.916649 3.528443
v -0.177407 0.783089 3.920868
v -0.207769 0.997566 3.895094
v -0.043832 0.937791 3.793759
v -0.000257 0.686500 3.818373
v -0.428910 0.838700 3.875665
v -0.450109 1.030975 3.854313
v 0.038291 0.655197 3.580771
v -0.007442 0.920672 3.563515
v -0.457704 0.778632 3.611983
v -0.480635 0.984215 3.604068
v -0.223614 0.687839 3.464885
v -0.263484 0.928619 3.455094
v -0.166185 0.810298 3.990792
v -0.204566 1.023776 3.965893
v 0.020952 0.969093 3.824055
v 0.067017 0.717642 3.842811
v 3.808610 1.957355 3.180594
v 3.922848 2.004995 3.129826
v 3.584330 2.162307 3.239963
v 3.747638 2.215128 3.169452
v 3.809489 2.021839 3.298804
v 3.930089 2.069524 3.240385
v 3.699003 2.124206 3.330598
v 3.843487 2.174471 3.261630
v 3.698728 1.991987 3.090341
v 3.829643 2.043157 3.038083
v 3.741055 2.148308 3.056440
v 3.584987 2.094500 3.117863
v 3.837423 1.914497 3.174470
v 3.952109 1.962242 3.124810
v 3.578547 2.213746 3.234408
v 3.742330 2.266683 3.165076
v 3.827980 2.012799 3.331894
v 3.949060 2.056840 3.271472
v 3.716989 2.158624 3.365026
v 3.864224 2.204647 3.298712
v 3.701012 1.971379 3.042487
v 3.834599 2.018325 2.992728
v 3.727841 2.170881 3.009579
v 3.571310 2.120850 3.073165
v 3.656476 2.011001 3.255433
v 3.540254 2.113089 3.237417
v 3.975704 2.098799 3.113117
v 3.804898 2.229980 3.096459
v 3.683508 1.977618 3.104676
v 3.559677 2.086781 3.091783
v 3.841376 2.020158 3.031314
v 3.690935 2.144241 3.019870
v 3.784379 2.087306 3.338168
v 3.650504 2.196868 3.314737
v 3.783857 2.256291 3.245733
v 3.945653 2.132552 3.269299
v 3.610375 1.984312 3.284199
v 3.493758 2.085742 3.265016
v 3.997959 2.146275 3.082726
v 3.826735 2.276761 3.064823
v 3.640785 1.945659 3.072185
v 3.515141 2.053282 3.063546
v 3.834317 2.027451 2.971758
v 3.679639 2.146410 2.960305
v 3.772207 2.106090 3.394604
v 3.634181 2.210646 3.371309
v 3.802650 2.308552 3.274344
v 3.966293 2.186351 3.293417
v 4.669552 1.818096 3.453821
v 4.560730 1.861668 3.441721
v 4.871215 1.950337 3.326526
v 4.716262 2.001475 3.316963
v 4.691968 1.792171 3.340263
v 4.576139 1.839238 3.332106
v 4.791811 1.856770 3.275103
v 4.653339 1.908096 3.268743
v 4.744970 1.908485 3.506374
v 4.621507 1.952785 3.490767
v 4.699820 2.023723 3.429404
v 4.846735 1.976103 3.444309
v 4.644160 1.789465 3.479002
v 4.535178 1.832405 3.466072
v 4.874388 1.987913 3.300430
v 4.719266 2.038381 3.289980
v 4.668206 1.757079 3.319330
v 4.551605 1.802849 3.314538
v 4.782945 1.856835 3.230256
v 4.642706 1.903471 3.224327
v 4.733563 1.922179 3.548716
v 4.608371 1.961903 3.533639
v 4.701347 2.067265 3.447750
v 4.849050 2.020934 3.459107
v -0.241381 -0.558932 5.091189
v -0.182384 1.278806 5.055465
v -0.166649 -0.566503 5.037073
v -0.076773 1.268107 4.978988
v -0.075461 -0.571476 5.051862
v 0.052096 1.261078 4.999887
v -0.021231 -0.570939 5.126892
v 0.128733 1.261838 5.105919
v -0.035729 -0.565205 5.218211
v 0.108245 1.269941 5.234973
v -0.110461 -0.557634 5.272327
v 0.002634 1.280640 5.311450
v -0.201649 -0.552661 5.257539
v -0.126235 1.287668 5.290551
v -0.255878 -0.553198 5.182509
v -0.202872 1.286909 5.184519
v 3.434884 -0.548657 -2.537427
v 3.412408 0.859673 -2.517046
v 3.465432 -0.551720 -2.681594
v 3.465280 0.854372 -2.766562
v 3.588635 -0.562200 -2.761829
v 3.678514 0.836232 -2.905429
v 3.732323 -0.573960 -2.731133
v 3.927201 0.815879 -2.852301
v 3.812324 -0.580109 -2.607485
v 4.065663 0.805236 -2.638299
v 3.781775 -0.577047 -2.463318
v 4.012791 0.810537 -2.388782
v 3.658572 -0.566565 -2.383083
v 3.799557 0.828677 -2.249915
v 3.514884 -0.554806 -2.413781
v 3.550870 0.849029 -2.303044
v 3.645180 -0.573472 4.585030
v 3.559338 0.807276 4.319552
v 3.773681 -0.584940 4.513736
v 3.781739 0.787428 4.196161
v 3.915571 -0.582339 4.553573
v 4.027316 0.791929 4.265109
v 3.987734 -0.567193 4.681204
v 4.152212 0.818143 4.486007
v 3.947897 -0.548375 4.821865
v 4.083265 0.850714 4.729455
v 3.819397 -0.536907 4.893159
v 3.860863 0.870562 4.852847
v 3.677506 -0.539507 4.853322
v 3.615286 0.866061 4.783899
v 3.605344 -0.554654 4.725690
v 3.490390 0.839846 4.563002
v -2.866390 -0.573472 3.213864
v -3.145294 0.807276 3.206156
v -2.890695 -0.584940 3.068935
v -3.187361 0.787428 2.955321
v -2.805775 -0.582339 2.948484
v -3.040386 0.791929 2.746850
v -2.661376 -0.567193 2.923069
v -2.790467 0.818143 2.702862
v -2.542084 -0.548375 3.007577
v -2.584001 0.850714 2.849126
v -2.517778 -0.536907 3.152506
v -2.541934 0.870562 3.099962
v -2.602698 -0.539507 3.272957
v -2.688909 0.866061 3.308433
v -2.747097 -0.554654 3.298373
v -2.938828 0.839846 3.352420
v 3.678686 3.262026 0.130067
v 3.662214 3.407835 0.080781
v 3.579138 3.987250 1.023086
v 3.216503 3.287439 0.245219
v 3.200031 3.433249 0.195932
v 3.594403 3.702093 0.747681
v 3.653813 3.429279 0.409736
v 3.641969 3.574623 0.360434
v 3.582853 3.847103 0.701970
v 3.283468 3.428091 0.531471
v 3.295021 3.686078 0.840057
v 3.283471 3.831088 0.794345
v 3.271624 3.573435 0.482169
v 3.402769 3.086985 1.889323
v 3.400894 3.222648 1.960169
v 3.321381 3.966444 1.122514
v 3.314366 4.182243 1.147210
v 3.863425 3.062632 1.761610
v 3.861550 3.198295 1.832455
v 3.572063 4.203112 1.046990
v 3.337651 3.581311 1.365499
v 3.376762 3.276169 1.633238
v 3.376303 3.411689 1.704078
v 3.337584 3.717098 1.432731
v 3.745917 3.278384 1.498940
v 3.635833 3.598289 1.261313
v 3.635766 3.734076 1.328545
v 3.745458 3.413905 1.569781
v 3.296803 3.378330 0.439619
v 3.287268 3.492555 0.402166
v 3.324234 3.888531 1.108314
v 3.037130 3.349077 0.511351
v 3.027595 3.463302 0.473898
v 3.165757 3.198844 1.768832
v 3.166370 3.305655 1.823271
v 2.858028 3.853710 1.168536
v 2.850160 4.023818 1.187975
v 3.424369 3.228873 1.687491
v 3.424982 3.335683 1.741930
v 3.316298 4.058690 1.127131
v 3.360164 3.554250 1.075032
v 3.057973 3.616273 1.094607
v 3.419594 3.398406 1.389357
v 3.136767 3.409648 1.511353
v 3.530806 3.070924 1.495628
v 3.284217 2.975457 1.652252
v 3.628654 2.763638 1.331593
v 3.413948 2.568044 1.434767
v 3.655819 2.656554 0.993340
v 3.449966 2.426067 0.986296
v 3.596390 2.812398 0.679015
v 3.371171 2.632692 0.569549
v 3.485178 3.139880 0.572744
v 3.223722 3.066882 0.428650
v 3.387330 3.447165 0.736780
v 3.093991 3.474295 0.646136
v 3.311996 3.700505 1.088341
v 3.390790 3.493880 1.505088
v 3.538239 3.059689 1.645987
v 3.667970 2.652277 1.428501
v 3.703988 2.510298 0.980031
v 3.625194 2.716924 0.563284
v 3.477744 3.151115 0.422385
v 3.348013 3.558527 0.639871
v 3.262212 3.521770 1.077447
v 3.321642 3.365926 1.391773
v 3.432854 3.038444 1.498044
v 3.530701 2.731158 1.334008
v 3.557867 2.624074 0.995756
v 3.498438 2.779918 0.681431
v 3.387226 3.107400 0.575160
v 3.289378 3.414685 0.739195
v 3.062019 2.221435 3.141577
v 3.073612 2.363014 3.167075
v 1.363853 2.288956 3.426951
v 1.375446 2.430535 3.452449
v 2.643627 2.689763 1.890533
v 2.654860 2.849161 1.912802
v 1.415286 2.738604 2.096954
v 1.426338 2.896248 2.118709
v 1.451705 2.527860 2.588670
v 1.420712 2.388764 3.080846
v 1.432305 2.530343 3.106344
v 1.463247 2.672289 2.613678
v 3.026568 2.324913 2.810984
v 2.858283 2.471933 2.352297
v 2.870033 2.618369 2.377892
v 3.038162 2.466492 2.836483
v 2.670611 2.398972 3.169069
v 2.676191 2.378816 3.233861
v 2.674313 2.203072 3.212053
v 2.666627 2.229905 3.122807
v 2.039103 2.441806 3.216752
v 2.041215 2.283811 3.241282
v 2.049644 2.403728 3.339151
v 2.047313 2.261781 3.312096
v 2.409443 2.703549 1.939106
v 1.890234 2.716392 2.010283
v 1.921747 2.874052 2.028856
v 2.431673 2.854658 1.957093
v 2.396445 2.721636 1.870901
v 1.874524 2.729553 1.910583
v 1.907258 2.899223 1.932576
v 2.419907 2.884732 1.892357
v 2.428656 2.348684 2.802444
v 4.897182 1.827000 3.547153
v 2.454773 2.432972 2.786404
v 4.924089 1.917845 3.530354
v 2.485466 2.464109 2.698872
v 4.954818 1.943520 3.442862
v 2.489288 2.398938 2.628181
v 4.958639 1.878350 3.372170
v 2.462380 2.308094 2.644980
v 4.931731 1.787505 3.388970
v 2.431651 2.282419 2.732472
v 4.901003 1.761830 3.476462
v 4.382712 1.948170 3.344969
v 4.402156 2.009927 3.333096
v 4.425229 2.034697 3.267263
v 4.428102 1.985689 3.214104
v 4.407868 1.917376 3.226737
v 4.384760 1.898069 3.292530
v 3.712908 0.335265 3.080479
v 3.813488 3.079308 3.489525
v 3.617406 0.343839 3.071094
v 3.717986 3.087882 3.480141
v 3.578869 0.357274 2.984162
v 3.679449 3.101317 3.393209
v 3.635835 0.362135 2.906615
v 3.736414 3.106178 3.315661
v 3.731337 0.353561 2.916000
v 3.831917 3.097604 3.325046
v 3.769874 0.340126 3.002931
v 3.870453 3.084169 3.411978
v 3.777328 2.497509 3.359776
v 3.705512 2.503956 3.352719
v 3.676533 2.514059 3.287348
v 3.719370 2.517715 3.229033
v 3.791186 2.511267 3.236091
v 3.820165 2.501164 3.301462
v -2.301638 2.161318 -1.070495
v -2.300154 1.999842 1.330506
v -2.271239 2.083857 -1.073439
v -2.269755 1.922382 1.327562
v -2.323103 2.019195 -1.077756
v -2.321620 1.857720 1.323245
v -2.405367 2.031994 -1.079128
v -2.403883 1.870519 1.321873
v -2.435766 2.109455 -1.076183
v -2.432225 1.948460 1.328069
v -2.383902 2.174117 -1.071867
v -2.382376 2.011153 1.329721
v -2.313410 2.026514 0.694396
v -2.290551 1.968265 0.692181
v -2.329551 1.919640 0.688935
v -2.391412 1.929265 0.687903
v -2.412214 1.987994 0.693369
v -2.375229 2.034650 0.693951
v -2.274751 0.398345 -0.715280
v -2.530005 2.492427 -0.715280
v -2.203415 0.407040 -0.673789
v -2.458669 2.501122 -0.673789
v -2.203415 0.407040 -0.590808
v -2.458669 2.501122 -0.590808
v -2.274752 0.398345 -0.549317
v -2.530005 2.492427 -0.549317
v -2.346087 0.389649 -0.590808
v -2.601340 2.483732 -0.590808
v -2.346087 0.389649 -0.673789
v -2.601340 2.483732 -0.673789
v -2.462493 1.938563 -0.694699
v -2.408850 1.945102 -0.663499
v -2.408849 1.945102 -0.601098
v -2.462493 1.938563 -0.569898
v -2.516136 1.932025 -0.601098
v -2.516136 1.932025 -0.663499
v -1.992356 0.425551 -0.842992
v -1.676240 0.376292 -0.916003
v -1.761838 0.405063 1.024313
v -1.445723 0.355804 0.951302
v -1.667699 1.148833 1.050989
v -1.351583 1.099574 0.977978
v -1.602075 1.780824 0.823232
v -1.285959 1.731564 0.750221
v -1.578363 2.204928 0.485329
v -1.262248 2.155669 0.412318
v -1.601310 2.320750 0.088723
v -1.285195 2.271490 0.015712
v -1.664187 2.212693 -0.306206
v -1.348071 2.163433 -0.379217
v -1.760657 1.795170 -0.639334
v -1.444541 1.745911 -0.712345
v -1.874896 1.167578 -0.859945
v -1.558780 1.118318 -0.932956
v -1.332950 1.935313 0.017624
v -1.649069 1.984572 0.090601
v -1.312614 1.836292 0.282861
v -1.628730 1.885552 0.355872
v -1.331450 1.555424 0.478029
v -1.647566 1.604684 0.551040
v -1.389369 1.842968 -0.236721
v -1.705485 1.892227 -0.163710
v -1.663039 0.383552 -0.533887
v -1.556329 1.027498 -0.583360
v -1.979155 0.432811 -0.460876
v -1.872444 1.076757 -0.510350
v -1.444757 1.590953 -0.411878
v -1.760873 1.640212 -0.338866
v -1.774092 0.415286 0.691854
v -1.457976 0.366026 0.618843
v -1.381775 1.012144 0.702785
v -1.697891 1.061404 0.775796
v 1.349442 5.194188 3.549170
v 1.337667 6.365013 3.599923
v 0.396163 4.037624 -2.146528
v 0.384391 4.821840 -2.298884
v 1.791159 5.187240 3.455680
v 2.057580 6.289504 3.498160
v 0.837880 4.014657 -2.236950
v 1.104303 4.730016 -2.384047
v 1.284979 5.726163 3.545760
v 0.331702 4.365919 -2.208844
v 0.887924 4.340990 -2.311856
v 1.841202 5.719746 3.439540
v 0.427141 4.141678 -1.849362
v 1.216018 5.188944 2.931509
v 0.996918 6.195464 2.147038
v 0.694362 5.806222 0.497345
v 0.505393 5.273824 -1.144680
v 1.657736 5.168281 2.840434
v 0.868859 4.118578 -1.939779
v 1.225306 5.181478 -1.229822
v 1.414275 5.713355 0.412224
v 1.716831 6.102077 2.061937
v 0.918903 4.424392 -2.014888
v 1.197896 5.178786 0.490947
v 0.641674 5.204758 0.593918
v 0.362680 4.449454 -1.911881
v 1.266328 5.249058 3.082545
v 1.974467 6.245933 2.890989
v 1.731327 5.657114 2.814622
v 1.254554 6.334430 2.980866
v 1.708046 5.229334 2.991296
v 1.175105 5.678324 2.918459
v -1.730838 0.334501 0.967328
v -1.877395 0.351811 -0.818340
v -1.509904 2.080165 0.486976
v -1.655351 2.077495 -0.387612
v 1.461080 0.326962 2.096510
v 3.273189 0.316504 1.944618
v 1.772218 2.082424 2.118765
v 2.889673 2.071966 1.922364
v -0.041718 4.528359 -1.073293
v 0.200899 4.467257 -1.152368
v 0.396191 4.655252 -1.070524
v 0.448888 4.748589 -0.879638
v 0.617121 6.797484 -2.021653
v 0.366595 4.790805 -0.670952
v 0.170915 4.667054 -0.552372
v -0.033939 4.640776 -0.706979
v 0.217019 7.355488 -2.029353
v -0.093040 4.621828 -0.905979
v 0.111079 7.320464 -2.227117
v 0.532570 6.813088 -1.890106
v 0.487631 6.458257 -1.700278
v 0.424705 6.815581 -2.069302
v 0.429159 6.741230 -2.227981
v 0.310529 6.651265 -2.233832
v 0.282527 6.502368 -1.639963
v 0.550966 6.756973 -2.199635
v 0.130014 6.990106 -2.227275
v 0.119216 6.729631 -2.202442
v 0.297775 7.285017 -1.968088
v 0.230634 7.478377 -2.323740
v 0.822868 7.062914 -1.937686
v 0.124444 7.236174 -2.127740
v 0.240297 7.235755 -2.091507
v 0.306255 6.458791 -1.966890
v 0.212018 6.610914 -1.951821
v 0.639001 6.973100 -2.052526
v 0.618056 6.989414 -1.998133
v 0.634959 6.960567 -1.911277
v 0.672142 6.929323 -1.988827
v 0.666934 6.945752 -2.078455
v 0.217217 6.600942 -2.227433
v 0.366643 6.402414 -1.667380
v -0.891945 3.646477 1.707630
v -0.593422 3.719164 1.673721
v -0.967908 3.513253 1.386537
v -0.694136 3.542530 1.248001
v -1.077326 3.191521 1.262352
v -0.839207 3.115962 1.083350
v -1.156103 2.869746 1.407820
v -0.943654 2.689339 1.276219
v -1.158093 2.736420 1.737729
v -0.946292 2.512569 1.713627
v -1.082130 2.869644 2.058823
v -0.845577 2.689203 2.139348
v -0.972713 3.191376 2.183008
v -0.700506 3.115771 2.303998
v -0.893935 3.513151 2.037539
v -0.596060 3.542394 2.111130
v -0.848584 3.794746 1.702727
v -0.949299 3.618112 1.277007
v -1.094369 3.191544 1.112356
v -1.198816 2.764921 1.305225
v -1.201454 2.588151 1.742633
v -1.100739 2.764785 2.168353
v -0.955668 3.191353 2.333004
v -0.851222 3.617976 2.140135
v -0.793554 3.617333 1.696446
v -0.869517 3.484109 1.375353
v -0.978934 3.162376 1.251167
v -1.057711 2.840601 1.396636
v -1.059701 2.707276 1.726545
v -0.983739 2.840499 2.047638
v -0.874321 3.162232 2.171824
v -0.795544 3.484007 2.026355
v -2.274751 0.398345 0.910292
v -2.530005 2.492427 0.910292
v -2.203415 0.407040 0.951783
v -2.458669 2.501122 0.951783
v -2.203415 0.407040 1.034764
v -2.458669 2.501122 1.034764
v -2.274752 0.398345 1.076255
v -2.530005 2.492427 1.076255
v -2.346087 0.389649 1.034764
v -2.601340 2.483732 1.034764
v -2.346087 0.389649 0.951783
v -2.601340 2.483732 0.951783
v -2.462493 1.938563 0.930873
v -2.408850 1.945102 0.962073
v -2.408849 1.945102 1.024474
v -2.462493 1.938563 1.055674
v -2.516136 1.932025 1.024474
v -2.516136 1.932025 0.962073
v -2.528786 1.965369 0.905280
v -2.578335 2.084659 0.913475
v -2.681279 2.005217 -0.596921
v -2.730828 2.124507 -0.588727
v -1.292272 2.545177 0.634393
v -1.341339 2.680368 0.642516
v -1.402575 2.574001 -0.452200
v -1.450824 2.707742 -0.444197
v -1.873100 2.324452 -0.457368
v -2.349595 2.137798 -0.521352
v -2.399144 2.257088 -0.513157
v -1.922600 2.446282 -0.449181
v -2.205391 2.100116 0.899193
v -1.746792 2.291446 0.786895
v -1.797228 2.414936 0.795219
v -2.254941 2.219405 0.907387
v -2.550742 2.120270 0.561914
v -2.614023 2.093984 0.561914
v -2.563642 1.944437 0.561914
v -2.476329 1.979836 0.561914
v -2.550742 2.158342 0.007669
v -2.550742 2.017908 0.007669
v -2.670286 2.108686 0.007669
v -2.619905 1.989179 0.007669
v -1.323406 2.553313 0.426541
v -1.352411 2.560892 -0.031545
v -1.399215 2.694839 -0.005462
v -1.367755 2.681761 0.444574
v -1.255666 2.578348 0.420329
v -1.251565 2.585927 -0.037757
v -1.303875 2.729821 -0.010866
v -1.305568 2.716717 0.439176
v 3.269009 2.912940 0.603634
v 4.762642 4.426015 1.376071
v 3.403157 2.735476 0.680314
v 4.819381 4.347621 1.399308
v 3.417752 2.612286 0.880264
v 4.825554 4.285791 1.477049
v 3.304244 2.615533 1.086357
v 4.777546 4.276745 1.563757
v 3.129125 2.743315 1.177866
v 4.703479 4.325782 1.608638
v 2.994976 2.920778 1.101187
v 4.646740 4.404176 1.585402
v 2.980381 3.043968 0.901236
v 4.640567 4.466006 1.507660
v 3.093889 3.040721 0.695143
v 4.688576 4.475052 1.420953
v 4.903474 4.379556 1.399934
v 4.800577 4.461253 1.357400
v 4.946217 4.332062 1.522363
v 4.903767 4.346593 1.652971
v 4.800991 4.414638 1.715249
v 4.698092 4.496335 1.672715
v 4.655349 4.543828 1.550286
v 4.697799 4.529297 1.419678
v 4.930429 4.472986 1.447537
v 4.845060 4.512760 1.415365
v 4.969162 4.452267 1.536842
v 4.938570 4.462739 1.630966
v 4.856573 4.498268 1.674772
v 4.771204 4.538042 1.642600
v 4.732470 4.558761 1.553296
v 4.763062 4.548288 1.459172
v 4.997334 4.635150 1.385653
v 4.870186 4.633135 1.348319
v 5.060974 4.630747 1.501820
v 5.023828 4.622504 1.628770
v 4.907656 4.615250 1.692139
v 4.780509 4.613235 1.654805
v 4.716868 4.617639 1.538638
v 4.754014 4.625882 1.411688
v 4.977997 4.738283 1.426902
v 4.877520 4.736691 1.397399
v 5.028289 4.734803 1.518702
v 4.998935 4.728289 1.619025
v 4.907130 4.722557 1.669101
v 4.806653 4.720964 1.639599
v 4.756361 4.724444 1.547798
v 4.785715 4.730958 1.447476
v 5.202743 5.583436 1.440588
v 5.020525 5.634613 1.385596
v 5.283019 5.508283 1.604156
v 5.214328 5.453181 1.780485
v 5.036910 5.450406 1.866283
v 4.854691 5.501584 1.811291
v 4.774416 5.576736 1.647723
v 4.843107 5.631838 1.471395
v 5.280070 5.576391 1.337803
v 5.020074 5.649414 1.259340
v 5.394610 5.469162 1.571188
v 5.296600 5.390540 1.822780
v 5.043453 5.386581 1.945201
v 4.783457 5.459603 1.866737
v 4.668917 5.566833 1.633352
v 4.766927 5.645454 1.381760
v 5.117613 6.079777 1.829183
v -2.974682 -0.532078 -1.323533
v -2.838205 0.869266 -1.279716
v -2.839150 -0.552637 -1.269358
v -2.603632 0.833685 -1.185952
v -2.783011 -0.575979 -1.135081
v -2.506470 0.793286 -0.953553
v -2.839150 -0.588431 -0.999362
v -2.603632 0.771734 -0.718655
v -2.974682 -0.582699 -0.941700
v -2.838205 0.781654 -0.618859
v -3.110215 -0.562141 -0.995876
v -3.072777 0.817235 -0.712623
v -3.166354 -0.538799 -1.130152
v -3.169940 0.857635 -0.945022
v -3.110214 -0.526346 -1.265872
v -3.072777 0.879186 -1.179919
v -0.254309 -0.566829 3.610377
v -0.172018 1.268881 3.536675
v -0.172605 -0.572886 3.653486
v -0.056552 1.260323 3.597596
v -0.145146 -0.572905 3.741830
v -0.017746 1.260294 3.722446
v -0.188018 -0.566877 3.823661
v -0.078333 1.268814 3.838089
v -0.276106 -0.558332 3.851042
v -0.202821 1.280890 3.876784
v -0.357811 -0.552276 3.807933
v -0.318287 1.289448 3.815863
v -0.385270 -0.552256 3.719589
v -0.357092 1.289476 3.691013
v -0.342398 -0.558284 3.637758
v -0.296505 1.280957 3.575370
v 4.708248 1.831434 3.314840
v 4.801098 1.841336 3.342996
v 4.556709 1.968977 3.409972
v 4.687869 1.975096 3.442522
v 4.668690 1.805730 3.400931
v 4.768350 1.817233 3.427162
v 4.593175 1.872946 3.449654
v 4.711830 1.883073 3.477661
v 4.674460 1.924176 3.274331
v 4.778502 1.931171 3.307169
v 4.721811 1.999079 3.356170
v 4.598485 1.994479 3.320687
v 4.726282 1.805411 3.293983
v 4.819010 1.814704 3.322753
v 4.557871 1.997198 3.435324
v 4.688900 2.002670 3.468530
v 4.677373 1.770875 3.416427
v 4.777878 1.781477 3.439867
v 4.593602 1.867128 3.487036
v 4.712777 1.873186 3.514331
v 4.692421 1.936296 3.243088
v 4.796992 1.939328 3.275143
v 4.731992 2.035587 3.346465
v 4.607781 2.031870 3.313918
v 0.703802 4.637556 -2.188187
v 1.344307 5.859862 2.089247
v 1.609329 4.270391 -2.324718
v 2.371730 5.438474 1.936649
v 2.405224 3.022944 -2.444723
v 3.129164 4.056269 1.815417
v 2.981585 1.297545 -2.531805
v 3.274415 0.351075 -2.575583
v -1.864221 0.350876 -1.800794
v -1.576599 1.298219 -1.844561
v -0.997716 3.022815 -1.931645
v -0.441678 4.072938 2.354508
v -0.201724 4.270392 -2.051657
v 0.353793 5.400584 2.238700
v -0.941746 0.357779 2.467103
v 3.564309 0.355178 1.740595
v -0.146627 2.697816 3.211124
v 3.212475 2.726405 2.584067
v 0.237476 4.150366 3.150517
v 2.875967 4.150365 2.669295
v 2.277911 5.361109 2.761718
v 0.849970 5.361111 3.022154
v 1.569391 5.699751 2.890942
v 3.990704 0.357518 1.871817
v -1.236743 0.358947 2.659957
v 3.597134 0.355850 1.931222
v -0.337978 2.654993 3.436425
v 3.570386 2.662382 2.722809
v 2.412535 5.425572 2.933976
v 1.609191 5.829059 3.083065
v 3.164472 4.148164 2.803121
v 0.051519 4.147154 3.368994
v 0.781923 5.457093 3.233851
v 3.304027 2.678208 2.774031
v 2.906569 4.121483 2.846521
v 0.880573 5.332228 3.199380
v -0.916560 0.356667 2.611773
v -0.101316 2.661110 3.392431
v 0.268078 4.121484 3.327743
v 2.308513 5.332227 2.938945
v 1.599993 5.670869 3.068169
v -1.099993 1.250922 2.640490
v -0.895393 2.000582 2.943278
v -1.014895 1.699243 2.725591
v 3.849438 1.243067 1.893596
v 3.738769 2.010997 2.240058
v 3.790809 1.697258 1.999114
v 3.480635 1.238444 1.948787
v 3.401270 2.008915 2.289761
v 3.435714 1.693437 2.051924
v -0.586367 1.956381 2.869508
v -0.795861 1.239586 2.593574
v -0.721771 1.690000 2.679576
v 0.345675 3.048670 3.138218
v 0.817587 3.300510 3.034997
v 1.577208 3.449708 2.902011
v 2.369645 3.336713 2.752675
v 2.851004 3.027507 2.637590
v -0.797524 2.003868 2.388957
v 3.423171 1.991302 1.710915
v -0.057073 2.795036 2.253265
v 0.601328 3.171929 2.137946
v 1.330558 3.315473 2.016322
v 2.086051 3.228734 1.897263
v 2.907339 2.636279 1.778682
v 1.007070 5.466650 -0.157857
v 2.100562 5.054609 -0.309131
v 2.969247 3.708898 -0.433513
v -0.955687 3.716811 0.113731
v -0.066754 5.041959 0.008090
v 3.825723 0.354228 -0.465938
v 3.644627 1.675484 -0.438760
v -1.599896 1.679962 0.305651
v -1.770934 0.353936 0.355624
v 0.703802 4.788699 -2.188187
v 1.699171 4.447008 -2.338264
v 2.543004 3.134268 -2.465492
v 3.137475 1.354655 -2.555312
v -1.732673 1.354885 -1.821031
v 3.083069 0.351020 -2.546812
v -1.674153 0.350837 -1.829530
v -1.135400 3.134269 -1.910882
v -0.291566 4.447009 -2.038111
v -1.555228 1.298227 -1.702817
v 3.002956 1.297552 -2.390061
v -0.976345 3.022823 -1.789902
v 2.426595 3.022951 -2.302979
v -0.180353 4.270400 -1.909913
v 1.630700 4.270399 -2.182974
v 0.725173 4.637563 -2.046444
v 3.104440 0.351028 -2.405068
v -1.652782 0.350844 -1.687786
v 1.024480 5.711566 2.137504
v 0.610368 5.313371 -0.084908
v 0.423786 4.737063 -2.145967
v -0.052874 5.216407 -0.016664
v 0.624459 5.464369 -0.101627
v -0.251357 4.552999 -1.673318
v 0.459524 4.846795 -1.752923
v 0.010400 4.882281 0.026959
v 0.687522 5.153693 -0.066039
v 0.537743 4.695106 -1.709836
v -0.173199 4.400850 -1.631624
v 0.012718 5.188945 0.347102
v 0.680045 5.461843 0.203619
v -0.129250 5.648536 -2.019523
v -0.238272 3.433676 -2.193272
v -0.290159 5.668859 -2.177615
v -0.399182 3.453998 -2.351365
v 0.909717 6.554948 -0.812335
v 0.546496 5.519074 0.161069
v -0.535333 5.731408 -2.227941
v -0.898555 4.695535 -1.254536
vt 0.656965 0.834825
vt 0.662890 0.846181
vt 0.656851 0.846140
vt 0.662940 0.834866
vt 0.714836 0.845841
vt 0.610005 0.874399
vt 0.507794 0.890358
vt 0.607530 0.863347
vt 0.454365 0.257400
vt 0.321330 0.121611
vt 0.263845 0.119495
vt 0.606906 0.834869
vt 0.601748 0.846116
vt 0.601927 0.834802
vt 0.691654 0.877409
vt 0.681338 0.865101
vt 0.694838 0.866514
vt 0.529335 0.834513
vt 0.619833 0.873661
vt 0.305430 0.906223
vt 0.435319 0.895966
vt 0.435257 0.907281
vt 0.814948 0.748327
vt 0.826263 0.329550
vt 0.826263 0.748420
vt 0.728429 0.087887
vt 0.717114 0.529776
vt 0.717114 0.087862
vt 0.757644 0.890266
vt 0.753720 0.900879
vt 0.298461 0.907598
vt 0.303151 0.894889
vt 0.620912 0.861962
vt 0.815852 0.126307
vt 0.827167 0.221033
vt 0.815852 0.221057
vt 0.296181 0.896264
vt 0.131979 0.906241
vt 0.132041 0.894926
vt 0.263845 0.119495
vt 0.321330 0.121611
vt 0.454365 0.257400
vt 0.714680 0.834527
vt 0.510856 0.901251
vt 0.186607 0.018629
vt 0.186418 0.005619
vt 0.118905 0.007266
vt 0.119092 0.020124
vt 0.005494 0.024235
vt 0.005492 0.511850
vt 0.260169 0.015018
vt 0.321330 0.121611
vt 0.456149 0.112600
vt 0.376380 0.118307
vt 0.376380 0.118307
vt 0.462194 0.257013
vt 0.461990 0.439641
vt 0.606792 0.846184
vt 0.681656 0.876870
vt 0.529361 0.845828
vt 0.814948 0.329458
vt 0.728429 0.529800
vt 0.827167 0.126283
vt 0.119092 0.020124
vt 0.118905 0.007266
vt 0.186607 0.018629
vt 0.186418 0.005619
vt 0.260169 0.015018
vt 0.005492 0.511850
vt 0.005494 0.024235
vt 0.461990 0.439641
vt 0.456149 0.112600
vt 0.462194 0.257013
vt 0.376380 0.118307
vt 0.376380 0.118307
vt 0.320605 0.116715
vt 0.446838 0.078294
vt 0.446838 0.065884
vt 0.568714 0.065884
vt 0.568714 0.078294
vt 0.005485 0.646721
vt 0.005485 0.527049
vt 0.085873 0.527049
vt 0.085873 0.646721
vt 0.446838 0.078294
vt 0.446838 0.065884
vt 0.568714 0.065884
vt 0.568714 0.078294
vt 0.005485 0.646721
vt 0.005485 0.527049
vt 0.085873 0.527049
vt 0.085873 0.646721
vt 0.945611 0.312935
vt 0.945611 0.424777
vt 0.940328 0.424783
vt 0.940108 0.312940
vt 0.005491 0.922370
vt 0.117334 0.922590
vt 0.117328 0.927873
vt 0.005485 0.927873
vt 0.117334 0.933156
vt 0.005491 0.933376
vt 0.117349 0.938439
vt 0.005507 0.938879
vt 0.956617 0.312956
vt 0.956177 0.424798
vt 0.950894 0.424783
vt 0.951114 0.312940
vt 0.935045 0.424798
vt 0.934605 0.312956
vt 0.005507 0.916867
vt 0.117349 0.917307
vt 0.945614 0.009228
vt 0.932860 0.009228
vt 0.936595 0.005492
vt 0.941878 0.005492
vt 0.941879 0.018247
vt 0.936595 0.018247
vt 0.932860 0.014511
vt 0.945614 0.014511
vt 0.592680 0.005489
vt 0.592680 0.018775
vt 0.588789 0.014883
vt 0.588789 0.009380
vt 0.602074 0.009381
vt 0.602074 0.014884
vt 0.598183 0.018775
vt 0.598183 0.005489
vt 0.969639 0.198841
vt 0.971088 0.192395
vt 0.985842 0.194057
vt 0.984394 0.200503
vt 0.960025 0.142936
vt 0.985844 0.143632
vt 0.341989 0.973390
vt 0.343676 0.988141
vt 0.297566 0.988141
vt 0.296878 0.962323
vt 0.746161 0.322902
vt 0.746161 0.373326
vt 0.739417 0.366793
vt 0.739937 0.320685
vt 0.140627 0.975960
vt 0.134150 0.974868
vt 0.136153 0.960058
vt 0.142631 0.961150
vt 0.081613 0.950806
vt 0.081838 0.976633
vt 0.959978 0.085220
vt 0.974765 0.083047
vt 0.984588 0.133615
vt 0.958761 0.133615
vt 0.854271 0.310051
vt 0.854271 0.257710
vt 0.860343 0.255204
vt 0.861103 0.303608
vt 0.968610 0.537922
vt 0.976357 0.541050
vt 0.979407 0.568049
vt 0.971104 0.559516
vt 0.971299 0.496185
vt 0.979221 0.499213
vt 0.976587 0.516894
vt 0.968700 0.513903
vt 0.547443 0.389824
vt 0.550111 0.397826
vt 0.532620 0.401625
vt 0.529983 0.393564
vt 0.591154 0.393508
vt 0.599394 0.402104
vt 0.572283 0.398657
vt 0.569470 0.390790
vt 0.806493 0.959587
vt 0.798016 0.959310
vt 0.800862 0.933331
vt 0.809339 0.933607
vt 0.023832 0.954777
vt 0.026998 0.975901
vt 0.009187 0.977167
vt 0.006287 0.951193
vt 0.068854 0.962424
vt 0.070855 0.977472
vt 0.049002 0.977294
vt 0.047231 0.960196
vt 0.780179 0.957830
vt 0.783307 0.936700
vt 0.730713 0.959654
vt 0.732717 0.944594
vt 0.759781 0.942189
vt 0.758039 0.959290
vt 0.692724 0.464141
vt 0.700365 0.467390
vt 0.705078 0.496948
vt 0.696354 0.488844
vt 0.696937 0.424740
vt 0.704720 0.427862
vt 0.700794 0.444909
vt 0.693014 0.441798
vt 0.173993 0.960782
vt 0.177330 0.968467
vt 0.158102 0.972648
vt 0.154737 0.964967
vt 0.221621 0.964520
vt 0.229995 0.972984
vt 0.200099 0.968877
vt 0.196640 0.961330
vt 0.725159 0.860810
vt 0.725826 0.852450
vt 0.751917 0.849788
vt 0.751250 0.858148
vt 0.980822 0.022898
vt 0.959399 0.024975
vt 0.956442 0.005492
vt 0.982668 0.005492
vt 0.978299 0.070141
vt 0.963313 0.072565
vt 0.962681 0.047389
vt 0.979877 0.045224
vt 0.726718 0.832794
vt 0.748242 0.832686
vt 0.725146 0.779964
vt 0.740312 0.780872
vt 0.744946 0.810443
vt 0.727619 0.810039
vt 0.366178 0.466830
vt 0.385828 0.467470
vt 0.382755 0.512309
vt 0.363105 0.511669
vt 0.382578 0.552748
vt 0.362928 0.552108
vt 0.383580 0.585252
vt 0.363929 0.584612
vt 0.385697 0.609954
vt 0.366047 0.609314
vt 0.915062 0.665447
vt 0.895424 0.664491
vt 0.894020 0.639712
vt 0.913657 0.640668
vt 0.892971 0.607210
vt 0.912609 0.608166
vt 0.892945 0.566771
vt 0.912583 0.567727
vt 0.895465 0.521820
vt 0.915103 0.522775
vt 0.882627 0.175993
vt 0.903425 0.174682
vt 0.920267 0.210139
vt 0.898505 0.218039
vt 0.510984 0.170586
vt 0.468711 0.155096
vt 0.476627 0.133596
vt 0.512688 0.149013
vt 0.582135 0.159708
vt 0.566585 0.145360
vt 0.577265 0.132706
vt 0.596462 0.139442
vt 0.914974 0.090990
vt 0.921424 0.110284
vt 0.909176 0.120487
vt 0.894523 0.105004
vt 0.902939 0.140367
vt 0.883396 0.135561
vt 0.551423 0.170396
vt 0.548578 0.150342
vt 0.934592 0.257736
vt 0.954253 0.257695
vt 0.956763 0.296869
vt 0.937102 0.296910
vt 0.958285 0.472995
vt 0.938629 0.473391
vt 0.936813 0.434214
vt 0.956470 0.433818
vt 0.934723 0.223418
vt 0.954383 0.223377
vt 0.937407 0.527961
vt 0.957064 0.527565
vt 0.956432 0.544113
vt 0.936776 0.544507
vt 0.938437 0.509304
vt 0.958094 0.508909
vt 0.935989 0.202621
vt 0.955649 0.202580
vt 0.937078 0.186718
vt 0.956738 0.186679
vt 0.477097 0.195609
vt 0.485808 0.196161
vt 0.481478 0.202540
vt 0.474084 0.201788
vt 0.471633 0.208079
vt 0.478197 0.209008
vt 0.478310 0.215681
vt 0.471374 0.214427
vt 0.478158 0.189182
vt 0.487350 0.189414
vt 0.476455 0.182504
vt 0.484770 0.182387
vt 0.473796 0.176218
vt 0.480835 0.175851
vt 0.978725 0.752237
vt 0.981704 0.761010
vt 0.974272 0.761311
vt 0.969993 0.752357
vt 0.984209 0.769853
vt 0.984596 0.778580
vt 0.977651 0.779809
vt 0.977615 0.770544
vt 0.977806 0.743204
vt 0.968610 0.743232
vt 0.979760 0.733931
vt 0.971439 0.733828
vt 0.982742 0.725260
vt 0.975700 0.724877
vt 0.699781 0.513311
vt 0.695061 0.507501
vt 0.695955 0.505090
vt 0.702265 0.512614
vt 0.421505 0.070110
vt 0.427956 0.069197
vt 0.429717 0.071189
vt 0.420744 0.072572
vt 0.687433 0.507351
vt 0.686042 0.505085
vt 0.692399 0.524282
vt 0.698926 0.520179
vt 0.701061 0.521764
vt 0.692546 0.526863
vt 0.431117 0.063093
vt 0.427830 0.057196
vt 0.429002 0.054898
vt 0.433676 0.062813
vt 0.421476 0.057270
vt 0.420267 0.054901
vt 0.685712 0.521473
vt 0.683563 0.522896
vt 0.416365 0.065520
vt 0.413844 0.066077
vt 0.685260 0.514815
vt 0.682866 0.513657
vt 0.416966 0.058721
vt 0.414959 0.056976
vt 0.477097 0.195609
vt 0.485808 0.196161
vt 0.481478 0.202540
vt 0.474084 0.201788
vt 0.471633 0.208079
vt 0.478197 0.209008
vt 0.478310 0.215681
vt 0.471374 0.214427
vt 0.478158 0.189182
vt 0.487350 0.189414
vt 0.476455 0.182504
vt 0.484770 0.182387
vt 0.473796 0.176218
vt 0.480835 0.175851
vt 0.978725 0.752237
vt 0.981704 0.761010
vt 0.974272 0.761311
vt 0.969993 0.752357
vt 0.984209 0.769853
vt 0.984596 0.778580
vt 0.977651 0.779809
vt 0.977615 0.770544
vt 0.977806 0.743204
vt 0.968610 0.743232
vt 0.979760 0.733931
vt 0.971439 0.733828
vt 0.982742 0.725260
vt 0.975700 0.724877
vt 0.699781 0.513311
vt 0.695061 0.507501
vt 0.695955 0.505090
vt 0.702265 0.512614
vt 0.421505 0.070110
vt 0.427956 0.069197
vt 0.429717 0.071189
vt 0.420744 0.072572
vt 0.687433 0.507351
vt 0.686042 0.505085
vt 0.692399 0.524282
vt 0.698926 0.520179
vt 0.701061 0.521764
vt 0.692546 0.526863
vt 0.431117 0.063093
vt 0.427830 0.057196
vt 0.429002 0.054898
vt 0.433676 0.062813
vt 0.421476 0.057270
vt 0.420267 0.054901
vt 0.685712 0.521473
vt 0.683563 0.522896
vt 0.416365 0.065520
vt 0.413844 0.066077
vt 0.685260 0.514815
vt 0.682866 0.513657
vt 0.416966 0.058721
vt 0.414959 0.056976
vt 0.477097 0.195609
vt 0.485808 0.196161
vt 0.481478 0.202540
vt 0.474084 0.201788
vt 0.471633 0.208079
vt 0.478197 0.209008
vt 0.478310 0.215681
vt 0.471374 0.214427
vt 0.478158 0.189182
vt 0.487350 0.189414
vt 0.476455 0.182504
vt 0.484770 0.182387
vt 0.473796 0.176218
vt 0.480835 0.175851
vt 0.978725 0.752237
vt 0.981704 0.761010
vt 0.974272 0.761311
vt 0.969993 0.752357
vt 0.984209 0.769853
vt 0.984596 0.778580
vt 0.977651 0.779809
vt 0.977615 0.770544
vt 0.977806 0.743204
vt 0.968610 0.743232
vt 0.979760 0.733931
vt 0.971439 0.733828
vt 0.982742 0.725260
vt 0.975700 0.724877
vt 0.699781 0.513311
vt 0.695061 0.507501
vt 0.695955 0.505090
vt 0.702265 0.512614
vt 0.421505 0.070110
vt 0.427956 0.069197
vt 0.429717 0.071189
vt 0.420744 0.072572
vt 0.687433 0.507351
vt 0.686042 0.505085
vt 0.692399 0.524282
vt 0.698926 0.520179
vt 0.701061 0.521764
vt 0.692546 0.526863
vt 0.431117 0.063093
vt 0.427830 0.057196
vt 0.429002 0.054898
vt 0.433676 0.062813
vt 0.421476 0.057270
vt 0.420267 0.054901
vt 0.685712 0.521473
vt 0.683563 0.522896
vt 0.416365 0.065520
vt 0.413844 0.066077
vt 0.685260 0.514815
vt 0.682866 0.513657
vt 0.416966 0.058721
vt 0.414959 0.056976
vt 0.477097 0.195609
vt 0.485808 0.196161
vt 0.481478 0.202540
vt 0.474084 0.201788
vt 0.471633 0.208079
vt 0.478197 0.209008
vt 0.478310 0.215681
vt 0.471374 0.214427
vt 0.478158 0.189182
vt 0.487350 0.189414
vt 0.476455 0.182504
vt 0.484770 0.182387
vt 0.473796 0.176218
vt 0.480835 0.175851
vt 0.978725 0.752237
vt 0.981704 0.761010
vt 0.974272 0.761311
vt 0.969993 0.752357
vt 0.984209 0.769853
vt 0.984596 0.778580
vt 0.977651 0.779809
vt 0.977615 0.770544
vt 0.977806 0.743204
vt 0.968610 0.743232
vt 0.979760 0.733931
vt 0.971439 0.733828
vt 0.982742 0.725260
vt 0.975700 0.724877
vt 0.699781 0.513311
vt 0.695061 0.507501
vt 0.695955 0.505090
vt 0.702265 0.512614
vt 0.421505 0.070110
vt 0.427956 0.069197
vt 0.429717 0.071189
vt 0.420744 0.072572
vt 0.687433 0.507351
vt 0.686042 0.505085
vt 0.692399 0.524282
vt 0.698926 0.520179
vt 0.701061 0.521764
vt 0.692546 0.526863
vt 0.431117 0.063093
vt 0.427830 0.057196
vt 0.429002 0.054898
vt 0.433676 0.062813
vt 0.421476 0.057270
vt 0.420267 0.054901
vt 0.685712 0.521473
vt 0.683563 0.522896
vt 0.416365 0.065520
vt 0.413844 0.066077
vt 0.685260 0.514815
vt 0.682866 0.513657
vt 0.416966 0.058721
vt 0.414959 0.056976
vt 0.477097 0.195609
vt 0.485808 0.196161
vt 0.481478 0.202540
vt 0.474084 0.201788
vt 0.471633 0.208079
vt 0.478197 0.209008
vt 0.478310 0.215681
vt 0.471374 0.214427
vt 0.478158 0.189182
vt 0.487350 0.189414
vt 0.476455 0.182504
vt 0.484770 0.182387
vt 0.473796 0.176218
vt 0.480835 0.175851
vt 0.978725 0.752237
vt 0.981704 0.761010
vt 0.974272 0.761311
vt 0.969993 0.752357
vt 0.984209 0.769853
vt 0.984596 0.778580
vt 0.977651 0.779809
vt 0.977615 0.770544
vt 0.977806 0.743204
vt 0.968610 0.743232
vt 0.979760 0.733931
vt 0.971439 0.733828
vt 0.982742 0.725260
vt 0.975700 0.724877
vt 0.699781 0.513311
vt 0.695061 0.507501
vt 0.695955 0.505090
vt 0.702265 0.512614
vt 0.421505 0.070110
vt 0.427956 0.069197
vt 0.429717 0.071189
vt 0.420744 0.072572
vt 0.687433 0.507351
vt 0.686042 0.505085
vt 0.692399 0.524282
vt 0.698926 0.520179
vt 0.701061 0.521764
vt 0.692546 0.526863
vt 0.431117 0.063093
vt 0.427830 0.057196
vt 0.429002 0.054898
vt 0.433676 0.062813
vt 0.421476 0.057270
vt 0.420267 0.054901
vt 0.685712 0.521473
vt 0.683563 0.522896
vt 0.416365 0.065520
vt 0.413844 0.066077
vt 0.685260 0.514815
vt 0.682866 0.513657
vt 0.416966 0.058721
vt 0.414959 0.056976
vt 0.477097 0.195609
vt 0.485808 0.196161
vt 0.481478 0.202540
vt 0.474084 0.201788
vt 0.471633 0.208079
vt 0.478197 0.209008
vt 0.478310 0.215681
vt 0.471374 0.214427
vt 0.478158 0.189182
vt 0.487350 0.189414
vt 0.476455 0.182504
vt 0.484770 0.182387
vt 0.473796 0.176218
vt 0.480835 0.175851
vt 0.978725 0.752237
vt 0.981704 0.761010
vt 0.974272 0.761311
vt 0.969993 0.752357
vt 0.984209 0.769853
vt 0.984596 0.778580
vt 0.977651 0.779809
vt 0.977615 0.770544
vt 0.977806 0.743204
vt 0.968610 0.743232
vt 0.979760 0.733931
vt 0.971439 0.733828
vt 0.982742 0.725260
vt 0.975700 0.724877
vt 0.699781 0.513311
vt 0.695061 0.507501
vt 0.695955 0.505090
vt 0.702265 0.512614
vt 0.421505 0.070110
vt 0.427956 0.069197
vt 0.429717 0.071189
vt 0.420744 0.072572
vt 0.687433 0.507351
vt 0.686042 0.505085
vt 0.692399 0.524282
vt 0.698926 0.520179
vt 0.701061 0.521764
vt 0.692546 0.526863
vt 0.431117 0.063093
vt 0.427830 0.057196
vt 0.429002 0.054898
vt 0.433676 0.062813
vt 0.421476 0.057270
vt 0.420267 0.054901
vt 0.685712 0.521473
vt 0.683563 0.522896
vt 0.416365 0.065520
vt 0.413844 0.066077
vt 0.685260 0.514815
vt 0.682866 0.513657
vt 0.416966 0.058721
vt 0.414959 0.056976
vt 0.477097 0.195609
vt 0.485808 0.196161
vt 0.481478 0.202540
vt 0.474084 0.201788
vt 0.471633 0.208079
vt 0.478197 0.209008
vt 0.478310 0.215681
vt 0.471374 0.214427
vt 0.478158 0.189182
vt 0.487350 0.189414
vt 0.476455 0.182504
vt 0.484770 0.182387
vt 0.473796 0.176218
vt 0.480835 0.175851
vt 0.978725 0.752237
vt 0.981704 0.761010
vt 0.974272 0.761311
vt 0.969993 0.752357
vt 0.984209 0.769853
vt 0.984596 0.778580
vt 0.977651 0.779809
vt 0.977615 0.770544
vt 0.977806 0.743204
vt 0.968610 0.743232
vt 0.979760 0.733931
vt 0.971439 0.733828
vt 0.982742 0.725260
vt 0.975700 0.724877
vt 0.699781 0.513311
vt 0.695061 0.507501
vt 0.695955 0.505090
vt 0.702265 0.512614
vt 0.421505 0.070110
vt 0.427956 0.069197
vt 0.429717 0.071189
vt 0.420744 0.072572
vt 0.687433 0.507351
vt 0.686042 0.505085
vt 0.692399 0.524282
vt 0.698926 0.520179
vt 0.701061 0.521764
vt 0.692546 0.526863
vt 0.431117 0.063093
vt 0.427830 0.057196
vt 0.429002 0.054898
vt 0.433676 0.062813
vt 0.421476 0.057270
vt 0.420267 0.054901
vt 0.685712 0.521473
vt 0.683563 0.522896
vt 0.416365 0.065520
vt 0.413844 0.066077
vt 0.685260 0.514815
vt 0.682866 0.513657
vt 0.416966 0.058721
vt 0.414959 0.056976
vt 0.477097 0.195609
vt 0.485808 0.196161
vt 0.481478 0.202540
vt 0.474084 0.201788
vt 0.471633 0.208079
vt 0.478197 0.209008
vt 0.478310 0.215681
vt 0.471374 0.214427
vt 0.478158 0.189182
vt 0.487350 0.189414
vt 0.476455 0.182504
vt 0.484770 0.182387
vt 0.473796 0.176218
vt 0.480835 0.175851
vt 0.978725 0.752237
vt 0.981704 0.761010
vt 0.974272 0.761311
vt 0.969993 0.752357
vt 0.984209 0.769853
vt 0.984596 0.778580
vt 0.977651 0.779809
vt 0.977615 0.770544
vt 0.977806 0.743204
vt 0.968610 0.743232
vt 0.979760 0.733931
vt 0.971439 0.733828
vt 0.982742 0.725260
vt 0.975700 0.724877
vt 0.699781 0.513311
vt 0.695061 0.507501
vt 0.695955 0.505090
vt 0.702265 0.512614
vt 0.421505 0.070110
vt 0.427956 0.069197
vt 0.429717 0.071189
vt 0.420744 0.072572
vt 0.687433 0.507351
vt 0.686042 0.505085
vt 0.692399 0.524282
vt 0.698926 0.520179
vt 0.701061 0.521764
vt 0.692546 0.526863
vt 0.431117 0.063093
vt 0.427830 0.057196
vt 0.429002 0.054898
vt 0.433676 0.062813
vt 0.421476 0.057270
vt 0.420267 0.054901
vt 0.685712 0.521473
vt 0.683563 0.522896
vt 0.416365 0.065520
vt 0.413844 0.066077
vt 0.685260 0.514815
vt 0.682866 0.513657
vt 0.416966 0.058721
vt 0.414959 0.056976
vt 0.477097 0.195609
vt 0.485808 0.196161
vt 0.481478 0.202540
vt 0.474084 0.201788
vt 0.471633 0.208079
vt 0.478197 0.209008
vt 0.478310 0.215681
vt 0.471374 0.214427
vt 0.478158 0.189182
vt 0.487350 0.189414
vt 0.476455 0.182504
vt 0.484770 0.182387
vt 0.473796 0.176218
vt 0.480835 0.175851
vt 0.978725 0.752237
vt 0.981704 0.761010
vt 0.974272 0.761311
vt 0.969993 0.752357
vt 0.984209 0.769853
vt 0.984596 0.778580
vt 0.977651 0.779809
vt 0.977615 0.770544
vt 0.977806 0.743204
vt 0.968610 0.743232
vt 0.979760 0.733931
vt 0.971439 0.733828
vt 0.982742 0.725260
vt 0.975700 0.724877
vt 0.699781 0.513311
vt 0.695061 0.507501
vt 0.695955 0.505090
vt 0.702265 0.512614
vt 0.421505 0.070110
vt 0.427956 0.069197
vt 0.429717 0.071189
vt 0.420744 0.072572
vt 0.687433 0.507351
vt 0.686042 0.505085
vt 0.692399 0.524282
vt 0.698926 0.520179
vt 0.701061 0.521764
vt 0.692546 0.526863
vt 0.431117 0.063093
vt 0.427830 0.057196
vt 0.429002 0.054898
vt 0.433676 0.062813
vt 0.421476 0.057270
vt 0.420267 0.054901
vt 0.685712 0.521473
vt 0.683563 0.522896
vt 0.416365 0.065520
vt 0.413844 0.066077
vt 0.685260 0.514815
vt 0.682866 0.513657
vt 0.416966 0.058721
vt 0.414959 0.056976
vt 0.477097 0.195609
vt 0.485808 0.196161
vt 0.481478 0.202540
vt 0.474084 0.201788
vt 0.471633 0.208079
vt 0.478197 0.209008
vt 0.478310 0.215681
vt 0.471374 0.214427
vt 0.478158 0.189182
vt 0.487350 0.189414
vt 0.476455 0.182504
vt 0.484770 0.182387
vt 0.473796 0.176218
vt 0.480835 0.175851
vt 0.978725 0.752237
vt 0.981704 0.761010
vt 0.974272 0.761311
vt 0.969993 0.752357
vt 0.984209 0.769853
vt 0.984596 0.778580
vt 0.977651 0.779809
vt 0.977615 0.770544
vt 0.977806 0.743204
vt 0.968610 0.743232
vt 0.979760 0.733931
vt 0.971439 0.733828
vt 0.982742 0.725260
vt 0.975700 0.724877
vt 0.699781 0.513311
vt 0.695061 0.507501
vt 0.695955 0.505090
vt 0.702265 0.512614
vt 0.421505 0.070110
vt 0.427956 0.069197
vt 0.429717 0.071189
vt 0.420744 0.072572
vt 0.687433 0.507351
vt 0.686042 0.505085
vt 0.692399 0.524282
vt 0.698926 0.520179
vt 0.701061 0.521764
vt 0.692546 0.526863
vt 0.431117 0.063093
vt 0.427830 0.057196
vt 0.429002 0.054898
vt 0.433676 0.062813
vt 0.421476 0.057270
vt 0.420267 0.054901
vt 0.685712 0.521473
vt 0.683563 0.522896
vt 0.416365 0.065520
vt 0.413844 0.066077
vt 0.685260 0.514815
vt 0.682866 0.513657
vt 0.416966 0.058721
vt 0.414959 0.056976
vt 0.477097 0.195609
vt 0.485808 0.196161
vt 0.481478 0.202540
vt 0.474084 0.201788
vt 0.471633 0.208079
vt 0.478197 0.209008
vt 0.478310 0.215681
vt 0.471374 0.214427
vt 0.478158 0.189182
vt 0.487350 0.189414
vt 0.476455 0.182504
vt 0.484770 0.182387
vt 0.473796 0.176218
vt 0.480835 0.175851
vt 0.978725 0.752237
vt 0.981704 0.761010
vt 0.974272 0.761311
vt 0.969993 0.752357
vt 0.984209 0.769853
vt 0.984596 0.778580
vt 0.977651 0.779809
vt 0.977615 0.770544
vt 0.977806 0.743204
vt 0.968610 0.743232
vt 0.979760 0.733931
vt 0.971439 0.733828
vt 0.982742 0.725260
vt 0.975700 0.724877
vt 0.699781 0.513311
vt 0.695061 0.507501
vt 0.695955 0.505090
vt 0.702265 0.512614
vt 0.421505 0.070110
vt 0.427956 0.069197
vt 0.429717 0.071189
vt 0.420744 0.072572
vt 0.687433 0.507351
vt 0.686042 0.505085
vt 0.692399 0.524282
vt 0.698926 0.520179
vt 0.701061 0.521764
vt 0.692546 0.526863
vt 0.431117 0.063093
vt 0.427830 0.057196
vt 0.429002 0.054898
vt 0.433676 0.062813
vt 0.421476 0.057270
vt 0.420267 0.054901
vt 0.685712 0.521473
vt 0.683563 0.522896
vt 0.416365 0.065520
vt 0.413844 0.066077
vt 0.685260 0.514815
vt 0.682866 0.513657
vt 0.416966 0.058721
vt 0.414959 0.056976
vt 0.477097 0.195609
vt 0.485808 0.196161
vt 0.481478 0.202540
vt 0.474084 0.201788
vt 0.471633 0.208079
vt 0.478197 0.209008
vt 0.478310 0.215681
vt 0.471374 0.214427
vt 0.478158 0.189182
vt 0.487350 0.189414
vt 0.476455 0.182504
vt 0.484770 0.182387
vt 0.473796 0.176218
vt 0.480835 0.175851
vt 0.978725 0.752237
vt 0.981704 0.761010
vt 0.974272 0.761311
vt 0.969993 0.752357
vt 0.984209 0.769853
vt 0.984596 0.778580
vt 0.977651 0.779809
vt 0.977615 0.770544
vt 0.977806 0.743204
vt 0.968610 0.743232
vt 0.979760 0.733931
vt 0.971439 0.733828
vt 0.982742 0.725260
vt 0.975700 0.724877
vt 0.699781 0.513311
vt 0.695061 0.507501
vt 0.695955 0.505090
vt 0.702265 0.512614
vt 0.421505 0.070110
vt 0.427956 0.069197
vt 0.429717 0.071189
vt 0.420744 0.072572
vt 0.687433 0.507351
vt 0.686042 0.505085
vt 0.692399 0.524282
vt 0.698926 0.520179
vt 0.701061 0.521764
vt 0.692546 0.526863
vt 0.431117 0.063093
vt 0.427830 0.057196
vt 0.429002 0.054898
vt 0.433676 0.062813
vt 0.421476 0.057270
vt 0.420267 0.054901
vt 0.685712 0.521473
vt 0.683563 0.522896
vt 0.416365 0.065520
vt 0.413844 0.066077
vt 0.685260 0.514815
vt 0.682866 0.513657
vt 0.416966 0.058721
vt 0.414959 0.056976
vt 0.477097 0.195609
vt 0.485808 0.196161
vt 0.481478 0.202540
vt 0.474084 0.201788
vt 0.471633 0.208079
vt 0.478197 0.209008
vt 0.478310 0.215681
vt 0.471374 0.214427
vt 0.478158 0.189182
vt 0.487350 0.189414
vt 0.476455 0.182504
vt 0.484770 0.182387
vt 0.473796 0.176218
vt 0.480835 0.175851
vt 0.978725 0.752237
vt 0.981704 0.761010
vt 0.974272 0.761311
vt 0.969993 0.752357
vt 0.984209 0.769853
vt 0.984596 0.778580
vt 0.977651 0.779809
vt 0.977615 0.770544
vt 0.977806 0.743204
vt 0.968610 0.743232
vt 0.979760 0.733931
vt 0.971439 0.733828
vt 0.982742 0.725260
vt 0.975700 0.724877
vt 0.699781 0.513311
vt 0.695061 0.507501
vt 0.695955 0.505090
vt 0.702265 0.512614
vt 0.421505 0.070110
vt 0.427956 0.069197
vt 0.429717 0.071189
vt 0.420744 0.072572
vt 0.687433 0.507351
vt 0.686042 0.505085
vt 0.692399 0.524282
vt 0.698926 0.520179
vt 0.701061 0.521764
vt 0.692546 0.526863
vt 0.431117 0.063093
vt 0.427830 0.057196
vt 0.429002 0.054898
vt 0.433676 0.062813
vt 0.421476 0.057270
vt 0.420267 0.054901
vt 0.685712 0.521473
vt 0.683563 0.522896
vt 0.416365 0.065520
vt 0.413844 0.066077
vt 0.685260 0.514815
vt 0.682866 0.513657
vt 0.416966 0.058721
vt 0.414959 0.056976
vt 0.477097 0.195609
vt 0.485808 0.196161
vt 0.481478 0.202540
vt 0.474084 0.201788
vt 0.471633 0.208079
vt 0.478197 0.209008
vt 0.478310 0.215681
vt 0.471374 0.214427
vt 0.478158 0.189182
vt 0.487350 0.189414
vt 0.476455 0.182504
vt 0.484770 0.182387
vt 0.473796 0.176218
vt 0.480835 0.175851
vt 0.978725 0.752237
vt 0.981704 0.761010
vt 0.974272 0.761311
vt 0.969993 0.752357
vt 0.984209 0.769853
vt 0.984596 0.778580
vt 0.977651 0.779809
vt 0.977615 0.770544
vt 0.977806 0.743204
vt 0.968610 0.743232
vt 0.979760 0.733931
vt 0.971439 0.733828
vt 0.982742 0.725260
vt 0.975700 0.724877
vt 0.699781 0.513311
vt 0.695061 0.507501
vt 0.695955 0.505090
vt 0.702265 0.512614
vt 0.421505 0.070110
vt 0.427956 0.069197
vt 0.429717 0.071189
vt 0.420744 0.072572
vt 0.687433 0.507351
vt 0.686042 0.505085
vt 0.692399 0.524282
vt 0.698926 0.520179
vt 0.701061 0.521764
vt 0.692546 0.526863
vt 0.431117 0.063093
vt 0.427830 0.057196
vt 0.429002 0.054898
vt 0.433676 0.062813
vt 0.421476 0.057270
vt 0.420267 0.054901
vt 0.685712 0.521473
vt 0.683563 0.522896
vt 0.416365 0.065520
vt 0.413844 0.066077
vt 0.685260 0.514815
vt 0.682866 0.513657
vt 0.416966 0.058721
vt 0.414959 0.056976
vt 0.477097 0.195609
vt 0.485808 0.196161
vt 0.481478 0.202540
vt 0.474084 0.201788
vt 0.471633 0.208079
vt 0.478197 0.209008
vt 0.478310 0.215681
vt 0.471374 0.214427
vt 0.478158 0.189182
vt 0.487350 0.189414
vt 0.476455 0.182504
vt 0.484770 0.182387
vt 0.473796 0.176218
vt 0.480835 0.175851
vt 0.978725 0.752237
vt 0.981704 0.761010
vt 0.974272 0.761311
vt 0.969993 0.752357
vt 0.984209 0.769853
vt 0.984596 0.778580
vt 0.977651 0.779809
vt 0.977615 0.770544
vt 0.977806 0.743204
vt 0.968610 0.743232
vt 0.979760 0.733931
vt 0.971439 0.733828
vt 0.982742 0.725260
vt 0.975700 0.724877
vt 0.699781 0.513311
vt 0.695061 0.507501
vt 0.695955 0.505090
vt 0.702265 0.512614
vt 0.421505 0.070110
vt 0.427956 0.069197
vt 0.429717 0.071189
vt 0.420744 0.072572
vt 0.687433 0.507351
vt 0.686042 0.505085
vt 0.692399 0.524282
vt 0.698926 0.520179
vt 0.701061 0.521764
vt 0.692546 0.526863
vt 0.431117 0.063093
vt 0.427830 0.057196
vt 0.429002 0.054898
vt 0.433676 0.062813
vt 0.421476 0.057270
vt 0.420267 0.054901
vt 0.685712 0.521473
vt 0.683563 0.522896
vt 0.416365 0.065520
vt 0.413844 0.066077
vt 0.685260 0.514815
vt 0.682866 0.513657
vt 0.416966 0.058721
vt 0.414959 0.056976
vt 0.341184 0.929145
vt 0.240420 0.929583
vt 0.240708 0.922421
vt 0.341388 0.924076
vt 0.229223 0.944223
vt 0.128543 0.945893
vt 0.128500 0.938729
vt 0.229192 0.939154
vt 0.128362 0.931562
vt 0.229094 0.934082
vt 0.128271 0.924389
vt 0.229030 0.929006
vt 0.128429 0.917222
vt 0.229142 0.923935
vt 0.341309 0.944351
vt 0.240596 0.951074
vt 0.240192 0.943921
vt 0.341023 0.939291
vt 0.240181 0.936753
vt 0.341015 0.934218
vt 0.631066 0.076444
vt 0.643295 0.088690
vt 0.636131 0.088690
vt 0.631066 0.083617
vt 0.643295 0.071371
vt 0.648360 0.076444
vt 0.648360 0.083617
vt 0.636131 0.071371
vt 0.698049 0.034165
vt 0.620865 0.034149
vt 0.621403 0.020181
vt 0.698359 0.026094
vt 0.623005 0.006295
vt 0.699285 0.018071
vt 0.931404 0.862512
vt 0.943164 0.938794
vt 0.929278 0.940394
vt 0.923381 0.863436
vt 0.915310 0.940929
vt 0.915310 0.863745
vt 0.901342 0.940394
vt 0.907240 0.863436
vt 0.887456 0.938794
vt 0.899216 0.862512
vt 0.699279 0.050259
vt 0.622994 0.062004
vt 0.621397 0.048117
vt 0.698356 0.042235
vt 0.262280 0.960767
vt 0.276258 0.960767
vt 0.286142 0.970650
vt 0.252396 0.970651
vt 0.286142 0.984629
vt 0.252396 0.984629
vt 0.276258 0.994513
vt 0.262280 0.994513
vt 0.698049 0.034165
vt 0.620865 0.034149
vt 0.621403 0.020181
vt 0.698359 0.026094
vt 0.623005 0.006295
vt 0.699285 0.018071
vt 0.931404 0.862512
vt 0.943164 0.938794
vt 0.929278 0.940394
vt 0.923381 0.863436
vt 0.915310 0.940929
vt 0.915310 0.863745
vt 0.901342 0.940394
vt 0.907240 0.863436
vt 0.887456 0.938794
vt 0.899216 0.862512
vt 0.699279 0.050259
vt 0.622994 0.062004
vt 0.621397 0.048117
vt 0.698356 0.042235
vt 0.262280 0.960767
vt 0.276258 0.960767
vt 0.286142 0.970650
vt 0.252396 0.970651
vt 0.286142 0.984629
vt 0.252396 0.984629
vt 0.276258 0.994513
vt 0.262280 0.994513
vt 0.698049 0.034165
vt 0.620865 0.034149
vt 0.621403 0.020181
vt 0.698359 0.026094
vt 0.623005 0.006295
vt 0.699285 0.018071
vt 0.931404 0.862512
vt 0.943164 0.938794
vt 0.929278 0.940394
vt 0.923381 0.863436
vt 0.915310 0.940929
vt 0.915310 0.863745
vt 0.901342 0.940394
vt 0.907240 0.863436
vt 0.887456 0.938794
vt 0.899216 0.862512
vt 0.699279 0.050259
vt 0.622994 0.062004
vt 0.621397 0.048117
vt 0.698356 0.042235
vt 0.262280 0.960767
vt 0.276258 0.960767
vt 0.286142 0.970650
vt 0.252396 0.970651
vt 0.286142 0.984629
vt 0.252396 0.984629
vt 0.276258 0.994513
vt 0.262280 0.994513
vt 0.968610 0.537922
vt 0.976357 0.541050
vt 0.979407 0.568049
vt 0.971104 0.559516
vt 0.971299 0.496185
vt 0.979221 0.499213
vt 0.976587 0.516894
vt 0.968700 0.513903
vt 0.547443 0.389824
vt 0.550111 0.397826
vt 0.532620 0.401625
vt 0.529983 0.393564
vt 0.591154 0.393508
vt 0.599394 0.402104
vt 0.572283 0.398657
vt 0.569470 0.390790
vt 0.806493 0.959587
vt 0.798016 0.959310
vt 0.800862 0.933331
vt 0.809339 0.933607
vt 0.023832 0.954777
vt 0.026998 0.975901
vt 0.009187 0.977167
vt 0.006287 0.951193
vt 0.068854 0.962424
vt 0.070855 0.977472
vt 0.049002 0.977294
vt 0.047231 0.960196
vt 0.780179 0.957830
vt 0.783307 0.936700
vt 0.730713 0.959654
vt 0.732717 0.944594
vt 0.759781 0.942189
vt 0.758039 0.959290
vt 0.692724 0.464141
vt 0.700365 0.467390
vt 0.705078 0.496948
vt 0.696354 0.488844
vt 0.696937 0.424740
vt 0.704720 0.427862
vt 0.700794 0.444909
vt 0.693014 0.441798
vt 0.173993 0.960782
vt 0.177330 0.968467
vt 0.158102 0.972648
vt 0.154737 0.964967
vt 0.221621 0.964520
vt 0.229995 0.972984
vt 0.200099 0.968877
vt 0.196640 0.961330
vt 0.725159 0.860810
vt 0.725826 0.852450
vt 0.751917 0.849788
vt 0.751250 0.858148
vt 0.980822 0.022898
vt 0.959399 0.024975
vt 0.956442 0.005492
vt 0.982668 0.005492
vt 0.978299 0.070141
vt 0.963313 0.072565
vt 0.962681 0.047389
vt 0.979877 0.045224
vt 0.726718 0.832794
vt 0.748242 0.832686
vt 0.725146 0.779964
vt 0.740312 0.780872
vt 0.744946 0.810443
vt 0.727619 0.810039
vt 0.969639 0.198841
vt 0.971088 0.192395
vt 0.985842 0.194057
vt 0.984394 0.200503
vt 0.960025 0.142936
vt 0.985844 0.143632
vt 0.341989 0.973390
vt 0.343676 0.988141
vt 0.297566 0.988141
vt 0.296878 0.962323
vt 0.746161 0.322902
vt 0.746161 0.373326
vt 0.739417 0.366793
vt 0.739937 0.320685
vt 0.140627 0.975960
vt 0.134150 0.974868
vt 0.136153 0.960058
vt 0.142631 0.961150
vt 0.081613 0.950806
vt 0.081838 0.976633
vt 0.959978 0.085220
vt 0.974765 0.083047
vt 0.984588 0.133615
vt 0.958761 0.133615
vt 0.854271 0.310051
vt 0.854271 0.257710
vt 0.860343 0.255204
vt 0.861103 0.303608
vt 0.081567 0.678975
vt 0.081567 0.664308
vt 0.107417 0.664308
vt 0.107417 0.678975
vt 0.133701 0.664308
vt 0.133701 0.678975
vt 0.159985 0.664308
vt 0.159985 0.678975
vt 0.185835 0.664308
vt 0.185835 0.678975
vt 0.543945 0.944299
vt 0.543945 0.958966
vt 0.518095 0.958966
vt 0.518095 0.944299
vt 0.491811 0.958966
vt 0.491811 0.944299
vt 0.465527 0.958966
vt 0.465527 0.944299
vt 0.439677 0.958966
vt 0.439677 0.944299
vt 0.216312 0.669960
vt 0.196815 0.669960
vt 0.196815 0.664304
vt 0.216312 0.664304
vt 0.255961 0.669960
vt 0.236137 0.669960
vt 0.236137 0.664304
vt 0.255961 0.664304
vt 0.275458 0.669960
vt 0.275458 0.664304
vt 0.828787 0.954943
vt 0.821174 0.972892
vt 0.812705 0.972892
vt 0.822799 0.949094
vt 0.847165 0.947509
vt 0.847165 0.939237
vt 0.865542 0.954945
vt 0.871530 0.949097
vt 0.873153 0.972895
vt 0.881621 0.972896
vt 0.963949 0.917581
vt 0.981898 0.925193
vt 0.981898 0.933662
vt 0.958100 0.923570
vt 0.956514 0.899204
vt 0.948242 0.899204
vt 0.963949 0.880827
vt 0.958100 0.874839
vt 0.981898 0.873215
vt 0.981898 0.864746
vt 0.984861 0.958070
vt 0.984545 0.977564
vt 0.970304 0.991355
vt 0.950479 0.991364
vt 0.936685 0.977586
vt 0.937000 0.958091
vt 0.951242 0.944300
vt 0.971066 0.944291
vt 0.898337 0.269906
vt 0.898337 0.250082
vt 0.903993 0.250082
vt 0.903993 0.269906
vt 0.898337 0.309227
vt 0.898337 0.289730
vt 0.903993 0.289730
vt 0.903993 0.309227
vt 0.898337 0.230585
vt 0.903993 0.230585
vt 0.979455 0.306831
vt 0.972366 0.307016
vt 0.971861 0.287654
vt 0.980504 0.287914
vt 0.976938 0.343343
vt 0.969728 0.342980
vt 0.967653 0.313498
vt 0.975424 0.314198
vt 0.974532 0.391545
vt 0.967447 0.391242
vt 0.968301 0.371256
vt 0.975386 0.371558
vt 0.975519 0.642373
vt 0.983322 0.642354
vt 0.983110 0.666568
vt 0.975266 0.665595
vt 0.968918 0.459585
vt 0.976003 0.459275
vt 0.976845 0.478455
vt 0.969760 0.478766
vt 0.968799 0.402031
vt 0.976660 0.401327
vt 0.974663 0.431351
vt 0.967349 0.431716
vt 0.675650 0.579484
vt 0.677701 0.550372
vt 0.700914 0.549687
vt 0.726065 0.550018
vt 0.737575 0.549438
vt 0.744192 0.578413
vt 0.728743 0.626242
vt 0.748482 0.605994
vt 0.747658 0.625176
vt 0.670230 0.607218
vt 0.700971 0.543984
vt 0.725990 0.546047
vt 0.729053 0.621088
vt 0.698350 0.621848
vt 0.664769 0.626463
vt 0.698074 0.625942
vt 0.921152 0.005498
vt 0.922414 0.024655
vt 0.902096 0.009238
vt 0.901784 0.005497
vt 0.852504 0.081801
vt 0.850000 0.052352
vt 0.918550 0.052343
vt 0.912371 0.081792
vt 0.901436 0.081390
vt 0.876717 0.082104
vt 0.844152 0.024652
vt 0.901436 0.085310
vt 0.876880 0.087674
vt 0.871838 0.012564
vt 0.838392 0.005494
vt 0.871249 0.005495
vt 0.980349 0.282754
vt 0.971717 0.283902
vt 0.965009 0.254210
vt 0.972613 0.253033
vt 0.966696 0.247321
vt 0.973589 0.249047
vt 0.972637 0.215005
vt 0.979612 0.216287
vt 0.973990 0.671154
vt 0.982455 0.672102
vt 0.983348 0.696755
vt 0.975240 0.696227
vt 0.982494 0.700581
vt 0.974993 0.700190
vt 0.982813 0.711518
vt 0.974923 0.711715
vt 0.304875 0.102116
vt 0.274237 0.102677
vt 0.274232 0.098169
vt 0.304877 0.098684
vt 0.274391 0.093628
vt 0.304918 0.095260
vt 0.585603 0.951052
vt 0.555087 0.952657
vt 0.554929 0.948152
vt 0.585568 0.947625
vt 0.554930 0.943643
vt 0.585574 0.944194
vt 0.555094 0.939103
vt 0.585619 0.940770
vt 0.304914 0.105543
vt 0.274399 0.107182
vt 0.390021 0.107213
vt 0.390080 0.102661
vt 0.670778 0.943751
vt 0.670725 0.939235
vt 0.670773 0.948268
vt 0.670709 0.952819
vt 0.390080 0.098144
vt 0.390022 0.093628
vt 0.005497 0.013169
vt 0.013366 0.008613
vt 0.013372 0.013160
vt 0.009437 0.015438
vt 0.005491 0.008623
vt 0.009426 0.006344
vt 0.024344 0.013156
vt 0.032219 0.008609
vt 0.032219 0.013156
vt 0.028281 0.015429
vt 0.024344 0.008609
vt 0.028281 0.006336
vt 0.304875 0.102116
vt 0.274237 0.102677
vt 0.274232 0.098169
vt 0.304877 0.098684
vt 0.274391 0.093628
vt 0.304918 0.095260
vt 0.585603 0.951052
vt 0.555087 0.952657
vt 0.554929 0.948152
vt 0.585568 0.947625
vt 0.554930 0.943643
vt 0.585574 0.944194
vt 0.555094 0.939103
vt 0.585619 0.940770
vt 0.304914 0.105543
vt 0.274399 0.107182
vt 0.390021 0.107213
vt 0.390080 0.102661
vt 0.670778 0.943751
vt 0.670725 0.939235
vt 0.670773 0.948268
vt 0.670709 0.952819
vt 0.390080 0.098144
vt 0.390022 0.093628
vt 0.005497 0.013169
vt 0.013366 0.008613
vt 0.013372 0.013160
vt 0.009437 0.015438
vt 0.005491 0.008623
vt 0.009426 0.006344
vt 0.024344 0.013156
vt 0.032219 0.008609
vt 0.032219 0.013156
vt 0.028281 0.015429
vt 0.024344 0.008609
vt 0.028281 0.006336
vt 0.304875 0.102116
vt 0.274237 0.102677
vt 0.274232 0.098169
vt 0.304877 0.098684
vt 0.274391 0.093628
vt 0.304918 0.095260
vt 0.585603 0.951052
vt 0.555087 0.952657
vt 0.554929 0.948152
vt 0.585568 0.947625
vt 0.554930 0.943643
vt 0.585574 0.944194
vt 0.555094 0.939103
vt 0.585619 0.940770
vt 0.304914 0.105543
vt 0.274399 0.107182
vt 0.390021 0.107213
vt 0.390080 0.102661
vt 0.670778 0.943751
vt 0.670725 0.939235
vt 0.670773 0.948268
vt 0.670709 0.952819
vt 0.390080 0.098144
vt 0.390022 0.093628
vt 0.005497 0.013169
vt 0.013366 0.008613
vt 0.013372 0.013160
vt 0.009437 0.015438
vt 0.005491 0.008623
vt 0.009426 0.006344
vt 0.024344 0.013156
vt 0.032219 0.008609
vt 0.032219 0.013156
vt 0.028281 0.015429
vt 0.024344 0.008609
vt 0.028281 0.006336
vt 0.304875 0.102116
vt 0.274237 0.102677
vt 0.274232 0.098169
vt 0.304877 0.098684
vt 0.274391 0.093628
vt 0.304918 0.095260
vt 0.585603 0.951052
vt 0.555087 0.952657
vt 0.554929 0.948152
vt 0.585568 0.947625
vt 0.554930 0.943643
vt 0.585574 0.944194
vt 0.555094 0.939103
vt 0.585619 0.940770
vt 0.304914 0.105543
vt 0.274399 0.107182
vt 0.390021 0.107213
vt 0.390080 0.102661
vt 0.670778 0.943751
vt 0.670725 0.939235
vt 0.670773 0.948268
vt 0.670709 0.952819
vt 0.390080 0.098144
vt 0.390022 0.093628
vt 0.005497 0.013169
vt 0.013366 0.008613
vt 0.013372 0.013160
vt 0.009437 0.015438
vt 0.005491 0.008623
vt 0.009426 0.006344
vt 0.024344 0.013156
vt 0.032219 0.008609
vt 0.032219 0.013156
vt 0.028281 0.015429
vt 0.024344 0.008609
vt 0.028281 0.006336
vt 0.886447 0.340557
vt 0.904418 0.341143
vt 0.901605 0.382151
vt 0.883635 0.381564
vt 0.901442 0.419134
vt 0.883471 0.418548
vt 0.902355 0.448860
vt 0.884385 0.448273
vt 0.904291 0.471451
vt 0.886320 0.470864
vt 0.572715 0.774443
vt 0.571841 0.792402
vt 0.549180 0.793687
vt 0.550054 0.775728
vt 0.519456 0.794648
vt 0.520329 0.776689
vt 0.482472 0.794673
vt 0.483346 0.776713
vt 0.441363 0.792370
vt 0.442236 0.774410
vt 0.541522 0.929632
vt 0.540933 0.913736
vt 0.572784 0.897080
vt 0.579545 0.914018
vt 0.830203 0.894897
vt 0.868874 0.909034
vt 0.861650 0.928703
vt 0.828659 0.914629
vt 0.765140 0.904896
vt 0.779370 0.918007
vt 0.769612 0.929587
vt 0.752052 0.923440
vt 0.462986 0.902258
vt 0.480460 0.895870
vt 0.490460 0.907784
vt 0.476319 0.920597
vt 0.508624 0.912510
vt 0.504540 0.929978
vt 0.793220 0.895099
vt 0.795836 0.913438
vt 0.959430 0.590399
vt 0.941451 0.590582
vt 0.938770 0.554739
vt 0.956749 0.554556
vt 0.958615 0.700243
vt 0.940639 0.700605
vt 0.938977 0.664777
vt 0.956954 0.664414
vt 0.958831 0.622725
vt 0.940852 0.622908
vt 0.939524 0.750512
vt 0.957501 0.750149
vt 0.956924 0.765283
vt 0.938947 0.765644
vt 0.940465 0.733450
vt 0.958442 0.733088
vt 0.957959 0.641473
vt 0.939980 0.641656
vt 0.956771 0.656982
vt 0.938792 0.657164
vt 0.593376 0.055680
vt 0.542657 0.019679
vt 0.609901 0.031302
vt 0.610318 0.056925
vt 0.592997 0.073243
vt 0.610175 0.075571
vt 0.311659 0.066668
vt 0.316549 0.041467
vt 0.320882 0.068033
vt 0.305438 0.006832
vt 0.353840 0.005493
vt 0.448116 0.008965
vt 0.449774 0.042426
vt 0.281817 0.045738
vt 0.271567 0.012013
vt 0.286773 0.074679
vt 0.712323 0.957062
vt 0.712000 0.982686
vt 0.671962 0.982687
vt 0.681424 0.959861
vt 0.707047 0.939177
vt 0.682405 0.941338
vt 0.064936 0.692329
vt 0.052318 0.725141
vt 0.018942 0.720757
vt 0.030148 0.689136
vt 0.060232 0.667377
vt 0.035273 0.660268
vt 0.359109 0.659494
vt 0.358939 0.678043
vt 0.341977 0.678944
vt 0.341889 0.661473
vt 0.357113 0.702684
vt 0.289545 0.712168
vt 0.194794 0.720749
vt 0.198130 0.689032
vt 0.100530 0.724407
vt 0.069390 0.665574
vt 0.869340 0.635629
vt 0.877344 0.668208
vt 0.837292 0.668208
vt 0.838424 0.632978
vt 0.869321 0.606310
vt 0.844662 0.604287
vt 0.414337 0.991005
vt 0.414528 0.966268
vt 0.440468 0.967056
vt 0.440468 0.991797
vt 0.405048 0.991814
vt 0.405230 0.967076
vt 0.803944 0.358141
vt 0.763898 0.358245
vt 0.763913 0.323980
vt 0.803962 0.324478
vt 0.803597 0.663219
vt 0.763560 0.663552
vt 0.759044 0.595461
vt 0.799084 0.595138
vt 0.754308 0.500432
vt 0.794352 0.500117
vt 0.756657 0.406121
vt 0.796704 0.405811
vt 0.710489 0.030862
vt 0.710491 0.006125
vt 0.727721 0.008017
vt 0.727721 0.032754
vt 0.830609 0.777326
vt 0.856773 0.680872
vt 0.905340 0.681953
vt 0.928783 0.777326
vt 0.106484 0.908914
vt 0.006845 0.908914
vt 0.028236 0.812804
vt 0.090405 0.812554
vt 0.299570 0.790576
vt 0.168819 0.795645
vt 0.165967 0.790576
vt 0.295653 0.887638
vt 0.161945 0.879363
vt 0.157800 0.872309
vt 0.288805 0.873678
vt 0.157779 0.865387
vt 0.159987 0.854844
vt 0.289806 0.862319
vt 0.164429 0.846813
vt 0.186888 0.848231
vt 0.294379 0.850685
vt 0.182839 0.841898
vt 0.187533 0.836294
vt 0.304445 0.840605
vt 0.141146 0.833278
vt 0.136539 0.828330
vt 0.302472 0.826615
vt 0.140368 0.819232
vt 0.133887 0.816156
vt 0.298816 0.815800
vt 0.122521 0.812098
vt 0.150007 0.807877
vt 0.163420 0.802800
vt 0.299177 0.804941
vt 0.501515 0.351606
vt 0.492236 0.351145
vt 0.490417 0.342771
vt 0.499956 0.346341
vt 0.483971 0.340573
vt 0.473665 0.342605
vt 0.515282 0.397116
vt 0.498503 0.389845
vt 0.484825 0.382944
vt 0.484577 0.369500
vt 0.481238 0.396683
vt 0.484022 0.391536
vt 0.498061 0.399037
vt 0.150675 0.853795
vt 0.153127 0.849435
vt 0.154868 0.844678
vt 0.482385 0.410390
vt 0.509755 0.411091
vt 0.489218 0.419249
vt 0.476421 0.403349
vt 0.143541 0.843000
vt 0.482004 0.425898
vt 0.478231 0.423093
vt 0.473572 0.433499
vt 0.475504 0.421759
vt 0.473226 0.421126
vt 0.471815 0.408137
vt 0.513360 0.404340
vt 0.081567 0.678975
vt 0.081567 0.664308
vt 0.107417 0.664308
vt 0.107417 0.678975
vt 0.133701 0.664308
vt 0.133701 0.678975
vt 0.159985 0.664308
vt 0.159985 0.678975
vt 0.185835 0.664308
vt 0.185835 0.678975
vt 0.543945 0.944299
vt 0.543945 0.958966
vt 0.518095 0.958966
vt 0.518095 0.944299
vt 0.491811 0.958966
vt 0.491811 0.944299
vt 0.465527 0.958966
vt 0.465527 0.944299
vt 0.439677 0.958966
vt 0.439677 0.944299
vt 0.216312 0.669960
vt 0.196815 0.669960
vt 0.196815 0.664304
vt 0.216312 0.664304
vt 0.255961 0.669960
vt 0.236137 0.669960
vt 0.236137 0.664304
vt 0.255961 0.664304
vt 0.275458 0.669960
vt 0.275458 0.664304
vt 0.828787 0.954943
vt 0.821174 0.972892
vt 0.812705 0.972892
vt 0.822799 0.949094
vt 0.847165 0.947509
vt 0.847165 0.939237
vt 0.865542 0.954945
vt 0.871530 0.949097
vt 0.873153 0.972895
vt 0.881621 0.972896
vt 0.963949 0.917581
vt 0.981898 0.925193
vt 0.981898 0.933662
vt 0.958100 0.923570
vt 0.956514 0.899204
vt 0.948242 0.899204
vt 0.963949 0.880827
vt 0.958100 0.874839
vt 0.981898 0.873215
vt 0.981898 0.864746
vt 0.984861 0.958070
vt 0.984545 0.977564
vt 0.970304 0.991355
vt 0.950479 0.991364
vt 0.936685 0.977586
vt 0.937000 0.958091
vt 0.951242 0.944300
vt 0.971066 0.944291
vt 0.898337 0.269906
vt 0.898337 0.250082
vt 0.903993 0.250082
vt 0.903993 0.269906
vt 0.898337 0.309227
vt 0.898337 0.289730
vt 0.903993 0.289730
vt 0.903993 0.309227
vt 0.898337 0.230585
vt 0.903993 0.230585
vt 0.304875 0.102116
vt 0.274237 0.102677
vt 0.274232 0.098169
vt 0.304877 0.098684
vt 0.274391 0.093628
vt 0.304918 0.095260
vt 0.585603 0.951052
vt 0.555087 0.952657
vt 0.554929 0.948152
vt 0.585568 0.947625
vt 0.554930 0.943643
vt 0.585574 0.944194
vt 0.555094 0.939103
vt 0.585619 0.940770
vt 0.304914 0.105543
vt 0.274399 0.107182
vt 0.390021 0.107213
vt 0.390080 0.102661
vt 0.670778 0.943751
vt 0.670725 0.939235
vt 0.670773 0.948268
vt 0.670709 0.952819
vt 0.390080 0.098144
vt 0.390022 0.093628
vt 0.005497 0.013169
vt 0.013366 0.008613
vt 0.013372 0.013160
vt 0.009437 0.015438
vt 0.005491 0.008623
vt 0.009426 0.006344
vt 0.024344 0.013156
vt 0.032219 0.008609
vt 0.032219 0.013156
vt 0.028281 0.015429
vt 0.024344 0.008609
vt 0.028281 0.006336
vt 0.979455 0.306831
vt 0.972366 0.307016
vt 0.971861 0.287654
vt 0.980504 0.287914
vt 0.976938 0.343343
vt 0.969728 0.342980
vt 0.967653 0.313498
vt 0.975424 0.314198
vt 0.974532 0.391545
vt 0.967447 0.391242
vt 0.968301 0.371256
vt 0.975386 0.371558
vt 0.975519 0.642373
vt 0.983322 0.642354
vt 0.983110 0.666568
vt 0.975266 0.665595
vt 0.968918 0.459585
vt 0.976003 0.459275
vt 0.976845 0.478455
vt 0.969760 0.478766
vt 0.968799 0.402031
vt 0.976660 0.401327
vt 0.974663 0.431351
vt 0.967349 0.431716
vt 0.675650 0.579484
vt 0.677701 0.550372
vt 0.700914 0.549687
vt 0.726065 0.550018
vt 0.737575 0.549438
vt 0.744192 0.578413
vt 0.728743 0.626242
vt 0.748482 0.605994
vt 0.747658 0.625176
vt 0.670230 0.607218
vt 0.700971 0.543984
vt 0.725990 0.546047
vt 0.729053 0.621088
vt 0.698350 0.621848
vt 0.664769 0.626463
vt 0.698074 0.625942
vt 0.921152 0.005498
vt 0.922414 0.024655
vt 0.902096 0.009238
vt 0.901784 0.005497
vt 0.852504 0.081801
vt 0.850000 0.052352
vt 0.918550 0.052343
vt 0.912371 0.081792
vt 0.901436 0.081390
vt 0.876717 0.082104
vt 0.844152 0.024652
vt 0.901436 0.085310
vt 0.876880 0.087674
vt 0.871838 0.012564
vt 0.838392 0.005494
vt 0.871249 0.005495
vt 0.980349 0.282754
vt 0.971717 0.283902
vt 0.965009 0.254210
vt 0.972613 0.253033
vt 0.966696 0.247321
vt 0.973589 0.249047
vt 0.972637 0.215005
vt 0.979612 0.216287
vt 0.973990 0.671154
vt 0.982455 0.672102
vt 0.983348 0.696755
vt 0.975240 0.696227
vt 0.982494 0.700581
vt 0.974993 0.700190
vt 0.982813 0.711518
vt 0.974923 0.711715
vt 0.880410 0.804621
vt 0.759416 0.831501
vt 0.758613 0.826107
vt 0.877827 0.791989
vt 0.881372 0.893373
vt 0.759878 0.868567
vt 0.761786 0.863459
vt 0.884758 0.880932
vt 0.763287 0.858217
vt 0.887320 0.868297
vt 0.763879 0.852796
vt 0.888415 0.855450
vt 0.763396 0.847364
vt 0.887808 0.842571
vt 0.762131 0.842060
vt 0.885825 0.829832
vt 0.760640 0.836815
vt 0.883150 0.817219
vt 0.371245 0.657201
vt 0.370068 0.651037
vt 0.377223 0.650295
vt 0.376047 0.656196
vt 0.369293 0.644880
vt 0.369242 0.638635
vt 0.378486 0.639242
vt 0.378083 0.644720
vt 0.372308 0.663145
vt 0.375150 0.662679
vt 0.370567 0.632371
vt 0.371328 0.626103
vt 0.377031 0.625893
vt 0.377893 0.633390
vt 0.372114 0.669194
vt 0.375366 0.669803
vt 0.370639 0.675586
vt 0.376384 0.678097
vt 0.383499 0.645082
vt 0.381863 0.650853
vt 0.384618 0.633417
vt 0.384302 0.639342
vt 0.380617 0.669558
vt 0.382981 0.675596
vt 0.380032 0.663012
vt 0.380354 0.656715
vt 0.384080 0.626961
vt 0.983038 0.596648
vt 0.982429 0.602689
vt 0.979029 0.601837
vt 0.978262 0.595336
vt 0.983297 0.608463
vt 0.984858 0.614024
vt 0.978058 0.615541
vt 0.979085 0.608823
vt 0.986143 0.619721
vt 0.986772 0.625577
vt 0.976332 0.627885
vt 0.976853 0.621749
vt 0.987353 0.585266
vt 0.984852 0.590629
vt 0.977181 0.589287
vt 0.976749 0.582120
vt 0.986903 0.631573
vt 0.976517 0.634903
vt 0.972748 0.608962
vt 0.972632 0.602685
vt 0.971415 0.620965
vt 0.972145 0.615064
vt 0.969850 0.633157
vt 0.970565 0.626878
vt 0.971702 0.596227
vt 0.971089 0.589721
vt 0.970105 0.583496
vt 0.913942 0.838496
vt 0.915195 0.832895
vt 0.961408 0.851515
vt 0.956251 0.861004
vt 0.916241 0.827253
vt 0.963778 0.840979
vt 0.917527 0.821661
vt 0.919008 0.816117
vt 0.962756 0.819429
vt 0.963778 0.830180
vt 0.920197 0.810503
vt 0.920389 0.804767
vt 0.962189 0.797852
vt 0.962081 0.808651
vt 0.919094 0.799177
vt 0.916420 0.794099
vt 0.960931 0.776340
vt 0.962289 0.787053
vt 0.319454 0.480560
vt 0.312725 0.489007
vt 0.307377 0.486615
vt 0.316978 0.474563
vt 0.313565 0.499773
vt 0.321488 0.507111
vt 0.319880 0.512447
vt 0.308576 0.501977
vt 0.332288 0.507110
vt 0.340163 0.499721
vt 0.346526 0.501901
vt 0.335289 0.512445
vt 0.338934 0.485319
vt 0.330146 0.479043
vt 0.332234 0.472397
vt 0.344773 0.481353
vt 0.340789 0.488939
vt 0.347419 0.486519
vt 0.355517 0.937567
vt 0.352557 0.922446
vt 0.392110 0.923058
vt 0.420226 0.950372
vt 0.407330 0.958805
vt 0.392198 0.961712
vt 0.377077 0.958745
vt 0.364183 0.950308
vt 0.431664 0.922443
vt 0.428830 0.937589
vt 0.698049 0.034165
vt 0.620865 0.034149
vt 0.621403 0.020181
vt 0.698359 0.026094
vt 0.623005 0.006295
vt 0.699285 0.018071
vt 0.931404 0.862512
vt 0.943164 0.938794
vt 0.929278 0.940394
vt 0.923381 0.863436
vt 0.915310 0.940929
vt 0.915310 0.863745
vt 0.901342 0.940394
vt 0.907240 0.863436
vt 0.887456 0.938794
vt 0.899216 0.862512
vt 0.699279 0.050259
vt 0.622994 0.062004
vt 0.621397 0.048117
vt 0.698356 0.042235
vt 0.262280 0.960767
vt 0.276258 0.960767
vt 0.286142 0.970650
vt 0.252396 0.970651
vt 0.286142 0.984629
vt 0.252396 0.984629
vt 0.276258 0.994513
vt 0.262280 0.994513
vt 0.341184 0.929145
vt 0.240420 0.929583
vt 0.240708 0.922421
vt 0.341388 0.924076
vt 0.229223 0.944223
vt 0.128543 0.945893
vt 0.128500 0.938729
vt 0.229192 0.939154
vt 0.128362 0.931562
vt 0.229094 0.934082
vt 0.128271 0.924389
vt 0.229030 0.929006
vt 0.128429 0.917222
vt 0.229142 0.923935
vt 0.341309 0.944351
vt 0.240596 0.951074
vt 0.240192 0.943921
vt 0.341023 0.939291
vt 0.240181 0.936753
vt 0.341015 0.934218
vt 0.631066 0.076444
vt 0.643295 0.088690
vt 0.636131 0.088690
vt 0.631066 0.083617
vt 0.643295 0.071371
vt 0.648360 0.076444
vt 0.648360 0.083617
vt 0.636131 0.071371
vt 0.477097 0.195609
vt 0.485808 0.196161
vt 0.481478 0.202540
vt 0.474084 0.201788
vt 0.471633 0.208079
vt 0.478197 0.209008
vt 0.478310 0.215681
vt 0.471374 0.214427
vt 0.478158 0.189182
vt 0.487350 0.189414
vt 0.476455 0.182504
vt 0.484770 0.182387
vt 0.473796 0.176218
vt 0.480835 0.175851
vt 0.978725 0.752237
vt 0.981704 0.761010
vt 0.974272 0.761311
vt 0.969993 0.752357
vt 0.984209 0.769853
vt 0.984596 0.778580
vt 0.977651 0.779809
vt 0.977615 0.770544
vt 0.977806 0.743204
vt 0.968610 0.743232
vt 0.979760 0.733931
vt 0.971439 0.733828
vt 0.982742 0.725260
vt 0.975700 0.724877
vt 0.699781 0.513311
vt 0.695061 0.507501
vt 0.695955 0.505090
vt 0.702265 0.512614
vt 0.421505 0.070110
vt 0.427956 0.069197
vt 0.429717 0.071189
vt 0.420744 0.072572
vt 0.687433 0.507351
vt 0.686042 0.505085
vt 0.692399 0.524282
vt 0.698926 0.520179
vt 0.701061 0.521764
vt 0.692546 0.526863
vt 0.431117 0.063093
vt 0.427830 0.057196
vt 0.429002 0.054898
vt 0.433676 0.062813
vt 0.421476 0.057270
vt 0.420267 0.054901
vt 0.685712 0.521473
vt 0.683563 0.522896
vt 0.416365 0.065520
vt 0.413844 0.066077
vt 0.685260 0.514815
vt 0.682866 0.513657
vt 0.416966 0.058721
vt 0.414959 0.056976
vt 0.740391 0.193289
vt 0.740391 0.066936
vt 0.801688 0.070787
vt 0.804875 0.196464
vt 0.661698 0.585456
vt 0.677980 0.467975
vt 0.599487 0.470196
vt 0.579373 0.586141
vt 0.447291 0.459878
vt 0.401252 0.460594
vt 0.402026 0.581837
vt 0.556017 0.691247
vt 0.471111 0.583372
vt 0.458406 0.691746
vt 0.750280 0.011430
vt 0.799989 0.016118
vt 0.055534 0.777781
vt 0.062544 0.796975
vt 0.015039 0.808092
vt 0.007390 0.787669
vt 0.489904 0.444036
vt 0.608594 0.414325
vt 0.530169 0.411817
vt 0.108879 0.787002
vt 0.102390 0.769472
vt 0.147653 0.766327
vt 0.153891 0.779844
vt 0.686406 0.413326
vt 0.080745 0.772538
vt 0.087521 0.791005
vt 0.636961 0.693154
vt 0.746431 0.311590
vt 0.804600 0.314587
vt 0.406426 0.693115
vt 0.472866 0.458792
vt 0.489904 0.444036
vt 0.530169 0.411817
vt 0.608594 0.414325
vt 0.599487 0.470196
vt 0.372595 0.842977
vt 0.480626 0.837864
vt 0.484927 0.878289
vt 0.377629 0.883420
vt 0.686406 0.413326
vt 0.677980 0.467975
vt 0.451185 0.821337
vt 0.455729 0.804359
vt 0.510666 0.804856
vt 0.505305 0.816912
vt 0.412119 0.794635
vt 0.405717 0.810246
vt 0.358084 0.796943
vt 0.365301 0.780735
vt 0.458406 0.691746
vt 0.471111 0.583372
vt 0.579373 0.586141
vt 0.556017 0.691247
vt 0.318886 0.875683
vt 0.314032 0.825697
vt 0.370197 0.823691
vt 0.436467 0.802043
vt 0.430221 0.817062
vt 0.916972 0.134701
vt 0.937882 0.135622
vt 0.940426 0.177917
vt 0.917987 0.177395
vt 0.661698 0.585456
vt 0.641480 0.674095
vt 0.402026 0.581837
vt 0.406426 0.693115
vt 0.472866 0.458792
vt 0.497256 0.835415
vt 0.504897 0.874012
vt 0.401252 0.460594
vt 0.447291 0.459878
vt 0.636961 0.693154
vt 0.923636 0.277287
vt 0.923623 0.377076
vt 0.915768 0.377077
vt 0.915782 0.277287
vt 0.923620 0.225097
vt 0.915766 0.225097
vt 0.923620 0.458429
vt 0.915766 0.458430
vt 0.923621 0.512489
vt 0.915766 0.512489
vt 0.839518 0.122984
vt 0.822709 0.050223
vt 0.832666 0.049531
vt 0.849475 0.122292
vt 0.882427 0.302141
vt 0.867558 0.374799
vt 0.857591 0.374284
vt 0.872460 0.301625
vt 0.816149 0.258546
vt 0.857451 0.203399
vt 0.867871 0.202831
vt 0.844386 0.252497
vt 0.852539 0.453689
vt 0.887342 0.506917
vt 0.857117 0.497181
vt 0.840726 0.454654
vt 0.861080 0.592995
vt 0.850843 0.590250
vt 0.863447 0.543118
vt 0.843519 0.344954
vt 0.838384 0.295760
vt 0.851288 0.342862
vt 0.864882 0.517477
vt 0.836813 0.270358
vt 0.537090 0.704830
vt 0.570299 0.708040
vt 0.611709 0.763106
vt 0.552107 0.757800
vt 0.362114 0.710658
vt 0.387950 0.708298
vt 0.371026 0.757261
vt 0.325985 0.762995
vt 0.419636 0.704006
vt 0.464233 0.702736
vt 0.468920 0.753429
vt 0.426746 0.753227
vt 0.507251 0.704065
vt 0.510153 0.755031
vt 0.667813 0.656295
vt 0.707123 0.637420
vt 0.747341 0.655650
vt 0.782155 0.721716
vt 0.804139 0.801120
vt 0.776708 0.782129
vt 0.635206 0.722906
vt 0.750128 0.768546
vt 0.707809 0.760711
vt 0.616798 0.801075
vt 0.636716 0.784451
vt 0.663678 0.767262
vt 0.592452 0.816519
vt 0.589125 0.828216
vt 0.707632 0.783500
vt 0.671015 0.818104
vt 0.666862 0.810208
vt 0.699469 0.780432
vt 0.231717 0.757681
vt 0.312150 0.771035
vt 0.309457 0.778209
vt 0.235592 0.771554
vt 0.349231 0.804472
vt 0.341270 0.808033
vt 0.816350 0.006527
vt 0.826307 0.005835
vt 0.887246 0.258802
vt 0.877279 0.258286
vt 0.238788 0.743535
vt 0.157445 0.743536
vt 0.157445 0.735682
vt 0.238788 0.735681
vt 0.057657 0.743547
vt 0.057657 0.735693
vt 0.005491 0.743532
vt 0.005491 0.735677
vt 0.292847 0.743536
vt 0.292847 0.735682
vt 0.116248 0.561189
vt 0.350474 0.560630
vt 0.358906 0.650876
vt 0.108821 0.650876
vt 0.144762 0.525855
vt 0.190241 0.493410
vt 0.309262 0.517247
vt 0.272652 0.496570
vt 0.232149 0.488679
vt 0.660491 0.101582
vt 0.716932 0.056019
vt 0.726629 0.061447
vt 0.668559 0.113754
vt 0.551554 0.108422
vt 0.553697 0.121358
vt 0.419912 0.083950
vt 0.417896 0.096112
vt 0.355547 0.056400
vt 0.348624 0.068774
vt 0.419912 0.083950
vt 0.355547 0.056400
vt 0.348624 0.068774
vt 0.417896 0.096112
vt 0.551554 0.108422
vt 0.553697 0.121358
vt 0.660491 0.101582
vt 0.668559 0.113754
vt 0.711139 0.075425
vt 0.486884 0.225022
vt 0.486880 0.325375
vt 0.466764 0.275198
vt 0.649729 0.401564
vt 0.649776 0.148988
vt 0.701638 0.143369
vt 0.701638 0.406974
vt 0.555236 0.369485
vt 0.555236 0.180923
vt 0.505251 0.837513
vt 0.514534 0.834836
vt 0.514185 0.876339
vt 0.523469 0.873662
vt 0.505093 0.883420
vt 0.605495 0.931743
vt 0.601885 0.889521
vt 0.697026 0.891517
vt 0.699361 0.931743
vt 0.947529 0.135577
vt 0.950070 0.177877
vt 0.940590 0.039183
vt 0.950278 0.040455
vt 0.446838 0.078294
vt 0.446838 0.065884
vt 0.568714 0.065884
vt 0.568714 0.078294
vt 0.005485 0.646721
vt 0.005485 0.527049
vt 0.085873 0.527049
vt 0.085873 0.646721
vn -0.9972 -0.0000 0.0746
vn 0.0547 -0.0057 0.9985
vn 0.0556 -0.0057 0.9984
vn 0.0143 0.9999 0.0022
vn 0.0112 0.9999 0.0025
vn 0.0098 0.9999 0.0031
vn 0.9972 -0.0000 -0.0746
vn -0.9955 0.0802 0.0500
vn -0.9955 0.0800 0.0502
vn -0.9951 0.0879 0.0449
vn 0.0560 -0.0057 0.9984
vn 0.9988 0.0398 -0.0280
vn 0.9988 0.0398 -0.0279
vn 0.9988 0.0354 -0.0338
vn -0.9980 0.0182 0.0613
vn -0.1754 0.0079 -0.9845
vn 0.9996 -0.0184 -0.0195
vn 0.0684 -0.0068 0.9976
vn 0.0685 -0.0061 0.9976
vn 0.0685 -0.0060 0.9976
vn -0.0630 0.2084 -0.9760
vn 0.0418 -0.3119 0.9492
vn 0.0415 -0.3131 0.9488
vn 0.0415 -0.3133 0.9488
vn -0.9983 0.0182 0.0547
vn 0.0746 0.0000 0.9972
vn -0.0098 -0.9999 -0.0031
vn -0.0112 -0.9999 -0.0025
vn -0.0143 -0.9999 -0.0022
vn 0.0061 0.9981 0.0620
vn 0.0006 0.9831 0.1831
vn 0.0100 0.9912 0.1317
vn 0.0095 0.9990 0.0436
vn 0.0090 1.0000 0.0028
vn 0.0095 0.9999 0.0031
vn 0.0109 0.9999 0.0030
vn 0.0123 0.9999 0.0020
vn 0.0121 0.9999 0.0024
vn 0.0117 0.9999 0.0023
vn 0.0206 0.9998 0.0019
vn 0.0103 0.9999 0.0030
vn -0.9959 0.0710 0.0562
vn 0.9988 0.0433 -0.0232
vn 0.0684 -0.0069 0.9976
vn 0.0418 -0.3117 0.9493
vn -0.0099 -0.9985 -0.0530
vn -0.0117 -0.9872 -0.1593
vn -0.0067 -0.9969 -0.0787
vn -0.0028 -0.9724 -0.2335
vn -0.0109 -0.9999 -0.0030
vn -0.0095 -0.9999 -0.0031
vn -0.0090 -1.0000 -0.0028
vn -0.0103 -0.9999 -0.0030
vn -0.0123 -0.9999 -0.0020
vn -0.0206 -0.9998 -0.0019
vn -0.0117 -0.9999 -0.0023
vn -0.0121 -0.9999 -0.0024
vn -0.8634 -0.0248 0.5039
vn -0.2655 0.0663 0.9618
vn -0.5623 -0.0059 0.8269
vn 0.6255 0.3653 -0.6894
vn -0.3707 0.9223 -0.1090
vn 0.2139 0.7837 -0.5832
vn 0.7405 -0.5194 -0.4265
vn 0.3740 -0.9206 0.1126
vn -0.2106 -0.7819 0.5867
vn -0.6709 -0.1847 0.7182
vn -0.7372 0.5212 0.4300
vn 0.6742 0.1865 -0.7147
vn 0.6396 0.3413 0.6888
vn -0.6396 -0.3413 -0.6888
vn 0.2871 -0.3828 0.8781
vn 0.2008 0.7213 0.6629
vn -0.1989 -0.7277 -0.6564
vn -0.9884 0.0182 0.1507
vn -0.3595 -0.3763 -0.8539
vn -0.1514 0.7186 -0.6788
vn 0.1472 -0.7302 0.6672
vn -0.9841 0.0159 0.1767
vn -0.9980 0.0606 0.0187
vn -0.9981 0.0426 0.0445
vn -0.9968 0.0189 0.0783
vn -0.9959 0.0732 0.0529
vn -0.9968 0.0793 0.0136
vn -0.9967 0.0774 0.0258
vn 0.9708 0.0142 -0.2394
vn 0.9764 0.0063 -0.2161
vn 0.9524 0.0358 -0.3028
vn 0.9802 -0.0023 -0.1981
vn 0.9836 -0.0074 -0.1801
vn 0.9859 -0.0111 -0.1668
vn 0.3132 -0.3957 0.8633
vn -0.1652 -0.7931 -0.5863
vn -0.1855 -0.7709 -0.6093
vn -0.1158 -0.8413 -0.5280
vn -0.3057 -0.6316 -0.7124
vn -0.2769 -0.6647 -0.6939
vn -0.2688 -0.6737 -0.6884
vn 0.1839 0.7743 0.6056
vn 0.1641 0.7954 0.5834
vn 0.1149 0.8428 0.5258
vn 0.3062 0.6330 0.7110
vn 0.2682 0.6768 0.6856
vn 0.2765 0.6676 0.6913
vn 0.9908 -0.0045 -0.1356
vn 0.9931 0.0000 -0.1174
vn 0.9954 0.0055 -0.0955
vn 0.9911 -0.0072 -0.1331
vn 0.9892 -0.0086 -0.1466
vn 0.9897 -0.0082 -0.1427
vn -0.9322 0.0982 0.3484
vn -0.9349 0.0936 0.3423
vn -0.9267 0.1073 0.3602
vn -0.9789 0.0143 0.2039
vn -0.9680 0.0384 0.2479
vn -0.9555 0.0610 0.2886
vn -0.2614 -0.3888 -0.8835
vn 0.2809 -0.7738 0.5678
vn 0.2826 -0.7685 0.5740
vn 0.2583 -0.8327 0.4898
vn 0.3268 -0.5790 0.7469
vn 0.3170 -0.6348 0.7047
vn 0.3154 -0.6425 0.6984
vn -0.2819 0.7700 -0.5724
vn -0.2801 0.7754 -0.5660
vn -0.2584 0.8324 -0.4902
vn -0.3303 0.5703 -0.7521
vn -0.3164 0.6411 -0.6992
vn -0.3183 0.6326 -0.7061
vn 0.9795 -0.0373 -0.1981
vn 0.9673 0.1489 -0.2052
vn 0.9672 0.1498 -0.2053
vn 0.8517 0.4848 -0.1990
vn 0.8563 0.4763 -0.1995
vn 0.5244 0.8381 -0.1504
vn 0.5548 0.8173 -0.1555
vn -0.0278 0.9986 -0.0458
vn 0.0122 0.9985 -0.0540
vn -0.5687 0.8192 0.0739
vn -0.5378 0.8405 0.0665
vn -0.8659 0.4764 0.1523
vn -0.8595 0.4885 0.1503
vn -0.9687 0.1602 0.1896
vn -0.9680 0.1649 0.1892
vn -0.9796 -0.0124 0.2007
vn 0.0278 0.0154 0.9995
vn 0.0254 0.0156 0.9996
vn 0.0128 0.0162 0.9998
vn 0.0304 0.0610 0.9977
vn 0.0164 0.0589 0.9981
vn 0.0284 0.0607 0.9978
vn 0.0860 0.0596 0.9945
vn 0.0792 0.0596 0.9951
vn 0.0966 0.0392 0.9945
vn 0.0967 0.0393 0.9945
vn 0.0680 0.0176 0.9975
vn 0.0719 0.0178 0.9972
vn 0.0467 0.0157 0.9988
vn 0.0473 0.0158 0.9988
vn 0.0502 0.0611 0.9969
vn -0.9739 -0.0993 0.2040
vn -0.9747 -0.0916 0.2038
vn -0.9743 0.1160 0.1930
vn 0.9740 -0.1188 -0.1928
vn 0.9740 -0.1187 -0.1928
vn 0.9772 0.0624 -0.2028
vn -0.8731 -0.4440 0.2012
vn -0.8700 -0.4502 0.2009
vn 0.6016 -0.7946 -0.0819
vn 0.6219 -0.7783 -0.0868
vn 0.0197 -0.9987 0.0475
vn -0.0111 -0.9985 0.0538
vn 0.8835 -0.4410 -0.1577
vn 0.8877 -0.4322 -0.1590
vn -0.6039 -0.7801 0.1636
vn -0.5842 -0.7956 0.1604
vn -0.7558 -0.2675 0.5977
vn -0.8397 -0.4462 0.3095
vn -0.8329 -0.5514 0.0481
vn -0.3777 -0.5851 -0.7176
vn -0.4175 -0.5967 -0.6853
vn 0.0263 -0.4063 -0.9134
vn 0.4497 0.5397 0.7117
vn 0.4031 0.5257 0.7491
vn 0.0061 0.3567 0.9342
vn 0.8783 0.4092 -0.2474
vn 0.8589 0.5116 0.0237
vn 0.7877 0.2185 -0.5760
vn 0.7538 0.2666 -0.6006
vn 0.8381 0.5412 -0.0684
vn 0.8428 0.4550 -0.2874
vn 0.3868 0.5790 0.7177
vn -0.0214 0.3989 0.9167
vn 0.4196 0.5886 0.6910
vn -0.4500 -0.5329 -0.7166
vn -0.0115 -0.3516 -0.9361
vn -0.4133 -0.5218 -0.7462
vn -0.8799 -0.4173 0.2273
vn -0.8657 -0.5005 0.0034
vn -0.7874 -0.2215 0.5752
vn 0.3830 -0.8835 0.2698
vn 0.2391 -0.7231 0.6481
vn 0.2592 -0.6973 0.6683
vn 0.3904 -0.8822 0.2635
vn -0.3821 0.8954 -0.2285
vn -0.7201 0.6671 -0.1908
vn -0.7363 0.6416 -0.2149
vn -0.3849 0.8949 -0.2260
vn 0.4993 -0.5212 0.6921
vn 0.5044 -0.5222 0.6877
vn 0.7217 -0.4181 0.5517
vn 0.7715 -0.5971 0.2196
vn 0.7823 -0.5751 0.2394
vn 0.7177 -0.4201 0.5553
vn -0.7230 0.4910 -0.4861
vn -0.5869 0.5457 -0.5981
vn -0.5857 0.5477 -0.5975
vn -0.7104 0.4951 -0.5002
vn -0.4756 0.5883 -0.6540
vn -0.4869 0.5868 -0.6470
vn 0.5853 -0.5102 0.6302
vn 0.5865 -0.5116 0.6279
vn -0.2620 0.7833 -0.5638
vn -0.2874 0.7504 -0.5952
vn -0.2045 -0.4904 0.8472
vn -0.3382 -0.3990 0.8523
vn 0.1545 -0.6613 0.7340
vn 0.8494 -0.1341 -0.5105
vn 0.8684 -0.1907 -0.4577
vn 0.2211 0.5572 -0.8004
vn 0.3476 0.4727 -0.8098
vn -0.8260 0.2385 0.5107
vn -0.8062 0.1798 0.5637
vn -0.8308 0.5367 0.1473
vn 0.8679 -0.4857 -0.1040
vn -0.1171 0.7102 -0.6942
vn 0.2120 0.4807 -0.8509
vn -0.1523 0.6593 -0.7363
vn 0.3191 0.4069 -0.8559
vn -0.8458 0.1452 0.5134
vn -0.3340 -0.4750 0.8141
vn -0.2280 -0.5469 0.8056
vn -0.8627 0.1953 0.4665
vn 0.8206 -0.2406 -0.5184
vn 0.8040 -0.1915 -0.5630
vn 0.8279 -0.5392 -0.1541
vn -0.8638 0.4919 0.1089
vn 0.1203 -0.7091 0.6948
vn 0.6296 0.5881 0.5077
vn 0.3990 0.3952 0.8274
vn 0.3911 0.3973 0.8302
vn 0.6302 0.5458 0.5523
vn -0.6515 -0.5901 -0.4768
vn -0.4472 -0.8028 -0.3943
vn -0.4019 -0.8144 -0.4187
vn -0.6525 -0.5533 -0.5178
vn 0.2021 0.5562 0.8061
vn 0.1980 0.5437 0.8156
vn 0.1320 0.7362 0.6638
vn 0.3720 0.8343 0.4069
vn 0.3367 0.8402 0.4250
vn 0.1343 0.7289 0.6713
vn -0.2150 -0.7540 -0.6207
vn -0.2415 -0.6360 -0.7329
vn -0.2382 -0.6369 -0.7332
vn -0.2155 -0.7396 -0.6376
vn -0.2691 -0.5532 -0.7884
vn -0.2692 -0.5510 -0.7899
vn 0.2031 0.6269 0.7521
vn 0.1979 0.6226 0.7571
vn -0.4705 -0.4348 -0.7678
vn -0.4532 -0.4390 -0.7758
vn 0.1979 0.5437 0.8156
vn 0.3719 0.8343 0.4069
vn 0.0263 -0.4062 -0.9134
vn 0.3830 -0.8835 0.2699
vn 0.3904 -0.8821 0.2635
vn -0.7363 0.6416 -0.2150
vn -0.6710 -0.5882 -0.4514
vn -0.5607 -0.7252 -0.3996
vn -0.8251 -0.2450 -0.5092
vn -0.0404 0.9991 0.0099
vn -0.1197 0.9922 -0.0349
vn 0.7181 0.5705 0.3986
vn 0.6173 0.7029 0.3534
vn 0.1444 -0.9889 -0.0341
vn 0.0622 -0.9949 -0.0791
vn 0.5200 -0.8337 0.1861
vn -0.4882 0.8369 -0.2474
vn 0.8560 0.2489 0.4531
vn 0.6619 0.5982 0.4517
vn 0.8235 0.2482 0.5101
vn 0.5727 0.7093 0.4109
vn 0.0514 -0.9986 -0.0147
vn -0.6236 -0.6921 -0.3635
vn -0.7089 -0.5805 -0.4005
vn 0.1203 -0.9924 0.0244
vn -0.1426 0.9888 0.0434
vn -0.0752 0.9939 0.0803
vn -0.5201 0.8352 -0.1788
vn 0.4923 -0.8366 0.2404
vn -0.8555 -0.2467 -0.4553
vn 0.4120 0.2073 -0.8873
vn 0.1079 -0.1929 -0.9753
vn 0.1105 -0.2068 -0.9721
vn 0.3291 0.1720 -0.9285
vn -0.4194 -0.2467 0.8736
vn -0.6711 -0.0959 0.7351
vn -0.6799 -0.0186 0.7331
vn -0.3486 -0.2157 0.9121
vn 0.2934 -0.3751 -0.8793
vn 0.2769 -0.3834 -0.8811
vn 0.5308 -0.3665 -0.7641
vn 0.7034 0.0182 -0.7106
vn 0.7062 -0.0483 -0.7063
vn 0.5085 -0.3710 -0.7770
vn -0.5606 0.2676 0.7836
vn -0.3965 0.3046 0.8660
vn -0.3978 0.3093 0.8638
vn -0.5320 0.2802 0.7990
vn -0.2923 0.3067 0.9058
vn -0.2885 0.3076 0.9067
vn 0.3829 -0.3486 -0.8555
vn 0.3747 -0.3584 -0.8551
vn -0.1645 0.0980 0.9815
vn -0.1674 0.1198 0.9786
vn -0.7435 -0.2951 -0.6000
vn -0.9144 -0.2933 -0.2791
vn -0.9631 -0.2679 -0.0236
vn -0.6237 -0.0315 0.7810
vn -0.6615 -0.0487 0.7483
vn -0.2085 0.1252 0.9700
vn 0.6355 0.1188 -0.7629
vn 0.5917 0.0990 -0.8001
vn 0.1884 -0.0618 -0.9801
vn 0.9039 0.3621 0.2278
vn 0.9428 0.3314 -0.0368
vn 0.7235 0.3586 0.5899
vn 0.7419 0.2935 0.6029
vn 0.9605 0.2748 0.0433
vn 0.9204 0.2942 0.2574
vn 0.6243 0.0427 -0.7800
vn 0.2055 -0.1157 -0.9718
vn 0.6563 0.0572 -0.7523
vn -0.6301 -0.1248 0.7664
vn -0.1877 0.0537 0.9808
vn -0.5948 -0.1090 0.7964
vn -0.9087 -0.3619 -0.2083
vn -0.9409 -0.3386 0.0099
vn -0.7256 -0.3565 -0.5886
vn -0.4397 0.8950 -0.0750
vn -0.4447 0.7648 -0.4662
vn -0.4215 0.7668 -0.4841
vn -0.4361 0.8971 -0.0713
vn 0.4448 -0.8950 0.0350
vn 0.0783 -0.9968 0.0179
vn 0.0548 -0.9976 0.0411
vn 0.4447 -0.8950 0.0349
vn -0.1520 0.8391 -0.5222
vn -0.1509 0.8405 -0.5204
vn 0.0683 0.9156 -0.3961
vn 0.0020 0.9985 -0.0547
vn 0.0185 0.9972 -0.0718
vn 0.0679 0.9156 -0.3964
vn -0.0214 -0.9470 0.3204
vn 0.1092 -0.8994 0.4233
vn 0.1110 -0.8995 0.4225
vn -0.0115 -0.9434 0.3315
vn 0.2107 -0.8544 0.4751
vn 0.2039 -0.8591 0.4694
vn -0.0873 0.8835 -0.4603
vn -0.0874 0.8844 -0.4585
vn 0.4665 -0.8016 0.3740
vn 0.4346 -0.8051 0.4036
vn -0.6903 -0.4753 0.5454
vn -0.8961 -0.2229 0.3838
vn -0.9717 -0.0216 0.2352
vn -0.7095 0.6033 -0.3642
vn -0.7445 0.5784 -0.3334
vn -0.3079 0.7467 -0.5896
vn 0.7257 -0.6287 0.2795
vn 0.6851 -0.6571 0.3145
vn 0.2940 -0.7892 0.5392
vn 0.8968 0.1437 -0.4184
vn 0.9633 -0.0642 -0.2607
vn 0.6765 0.4328 -0.5958
vn 0.6882 0.4783 -0.5455
vn 0.9674 0.0349 -0.2509
vn 0.9047 0.2046 -0.3738
vn 0.7109 -0.6078 0.3539
vn 0.3059 -0.7533 0.5822
vn 0.7405 -0.5866 0.3280
vn -0.7213 0.6354 -0.2759
vn -0.2940 0.7937 -0.5325
vn -0.6886 0.6584 -0.3041
vn -0.9038 -0.1276 0.4085
vn -0.9589 0.0447 0.2804
vn -0.6786 -0.4331 0.5933
vn -0.3588 -0.5614 -0.7457
vn -0.3290 -0.8359 -0.4395
vn -0.3038 -0.8491 -0.4321
vn -0.3555 -0.5587 -0.7493
vn 0.3684 0.5276 0.7655
vn -0.0004 0.5123 0.8588
vn -0.0263 0.5294 0.8479
vn 0.3684 0.5275 0.7655
vn -0.0269 -0.8803 -0.4736
vn -0.0260 -0.8792 -0.4757
vn 0.1826 -0.7787 -0.6002
vn 0.0842 -0.5338 -0.8414
vn 0.1025 -0.5457 -0.8317
vn 0.1823 -0.7790 -0.6000
vn -0.1299 0.7352 0.6653
vn -0.0087 0.8185 0.5744
vn -0.0069 0.8182 0.5750
vn -0.1211 0.7443 0.6568
vn 0.0893 0.8551 0.5107
vn 0.0829 0.8516 0.5176
vn 0.0335 -0.8397 -0.5421
vn 0.0332 -0.8386 -0.5438
vn 0.3582 0.7773 0.5172
vn 0.3230 0.8002 0.5054
vn -0.7990 -0.5128 0.3141
vn -0.8027 -0.3905 0.4507
vn -0.7061 -0.7082 0.0010
vn 0.5604 -0.2541 -0.7883
vn 0.5017 -0.3227 -0.8026
vn 0.8346 0.4881 -0.2554
vn 0.8418 0.3766 -0.3867
vn -0.4685 0.2699 0.8412
vn -0.5289 0.1999 0.8248
vn -0.1191 0.5711 0.8122
vn 0.1565 -0.6143 -0.7734
vn 0.7423 0.6691 0.0348
vn 0.7977 0.5071 -0.3264
vn 0.7066 0.7076 -0.0045
vn 0.8007 0.4091 -0.4375
vn -0.5506 0.2540 0.7952
vn -0.8387 -0.3907 0.3795
vn -0.8330 -0.4839 0.2683
vn -0.4996 0.3136 0.8075
vn 0.4683 -0.2609 -0.8442
vn 0.5179 -0.2035 -0.8309
vn 0.1187 -0.5650 -0.8165
vn -0.1520 0.6095 0.7781
vn -0.7402 -0.6714 -0.0353
vn 0.5996 -0.6835 0.4162
vn 0.1380 -0.7790 0.6116
vn 0.1313 -0.7718 0.6222
vn 0.5206 -0.7432 0.4203
vn -0.6265 0.6783 -0.3839
vn -0.7108 0.4214 -0.5632
vn -0.6713 0.3971 -0.6259
vn -0.5590 0.7320 -0.3895
vn 0.1589 -0.5776 0.8007
vn 0.1413 -0.5834 0.7998
vn 0.3307 -0.3863 0.8611
vn 0.6857 -0.3679 0.6280
vn 0.6477 -0.3466 0.6785
vn 0.3127 -0.4052 0.8591
vn -0.4162 0.4168 -0.8081
vn -0.2795 0.5437 -0.7914
vn -0.2774 0.5400 -0.7946
vn -0.3889 0.4383 -0.8104
vn -0.2033 0.6184 -0.7591
vn -0.1999 0.6205 -0.7583
vn 0.2409 -0.5287 0.8139
vn 0.2286 -0.5290 0.8173
vn -0.2400 0.7864 -0.5692
vn -0.2287 0.7773 -0.5860
vn -0.5377 -0.1994 0.8192
vn -0.8032 -0.1233 0.5828
vn -0.9297 -0.0581 0.3636
vn -0.8451 0.1555 -0.5114
vn -0.8721 0.1464 -0.4669
vn -0.4974 0.2157 -0.8403
vn 0.8640 -0.2207 0.4526
vn 0.8325 -0.2312 0.5034
vn 0.4923 -0.2809 0.8239
vn 0.8216 0.0401 -0.5687
vn 0.9411 -0.0270 -0.3370
vn 0.5326 0.1343 -0.8357
vn 0.5349 0.2014 -0.8206
vn 0.9218 0.0592 -0.3831
vn 0.8162 0.1158 -0.5660
vn 0.8472 -0.1646 0.5052
vn 0.4968 -0.2256 0.8380
vn 0.8699 -0.1569 0.4675
vn -0.8611 0.2290 -0.4539
vn -0.4931 0.2883 -0.8208
vn -0.8358 0.2375 -0.4949
vn -0.8325 -0.0339 0.5530
vn -0.9315 0.0232 0.3630
vn -0.5346 -0.1362 0.8340
vn -0.2403 -0.9368 -0.2542
vn -0.1353 -0.9806 0.1422
vn -0.1074 -0.9826 0.1513
vn -0.2379 -0.9361 -0.2591
vn 0.2584 0.9224 0.2872
vn -0.0926 0.8969 0.4324
vn -0.1223 0.9000 0.4183
vn 0.2584 0.9223 0.2873
vn 0.1673 -0.9819 0.0889
vn 0.1679 -0.9820 0.0865
vn 0.3420 -0.9339 -0.1045
vn 0.1798 -0.8896 -0.4200
vn 0.2007 -0.8904 -0.4085
vn 0.3418 -0.9340 -0.1042
vn -0.2782 0.9448 0.1733
vn -0.1836 0.9824 0.0335
vn -0.1818 0.9828 0.0338
vn -0.2722 0.9489 0.1598
vn -0.0994 0.9935 -0.0548
vn -0.1046 0.9934 -0.0462
vn 0.2138 -0.9769 0.0006
vn 0.2133 -0.9770 -0.0013
vn 0.1803 0.9823 -0.0511
vn 0.1403 0.9878 -0.0675
vn 0.5955 -0.2214 0.7722
vn 0.8432 -0.1586 0.5136
vn 0.9536 -0.1000 0.2841
vn 0.8059 0.1533 -0.5718
vn 0.8361 0.1396 -0.5306
vn 0.4353 0.2545 -0.8636
vn -0.8289 -0.0679 0.5553
vn -0.7938 -0.0834 0.6024
vn -0.4314 -0.1898 0.8820
vn -0.8605 0.2227 -0.4583
vn -0.9629 0.1597 -0.2174
vn -0.5916 0.2860 -0.7538
vn -0.5928 0.2204 -0.7746
vn -0.9471 0.1092 -0.3019
vn -0.8550 0.1562 -0.4946
vn -0.8084 -0.1422 0.5712
vn -0.4349 -0.2448 0.8666
vn -0.8338 -0.1308 0.5363
vn 0.8259 0.0614 -0.5604
vn 0.4324 0.1819 -0.8832
vn 0.7977 0.0738 -0.5985
vn 0.8702 -0.2197 0.4410
vn 0.9552 -0.1698 0.2424
vn 0.5935 -0.2834 0.7533
vn 0.2224 0.9452 0.2390
vn 0.1462 0.7797 0.6089
vn 0.1191 0.7759 0.6195
vn 0.2197 0.9470 0.2345
vn -0.2381 -0.9500 -0.2021
vn 0.1225 -0.9887 -0.0863
vn 0.1511 -0.9833 -0.1018
vn -0.2380 -0.9500 -0.2020
vn -0.1594 0.7969 0.5827
vn -0.1601 0.7982 0.5807
vn -0.3476 0.8467 0.4029
vn -0.2085 0.9730 0.0988
vn -0.2286 0.9673 0.1104
vn -0.3474 0.8466 0.4033
vn 0.2889 -0.8929 -0.3452
vn 0.1845 -0.8584 -0.4786
vn 0.1826 -0.8589 -0.4784
vn 0.2819 -0.8899 -0.3585
vn 0.0941 -0.8265 -0.5550
vn 0.0999 -0.8306 -0.5479
vn -0.2121 0.8354 0.5071
vn -0.2117 0.8365 0.5055
vn -0.1846 -0.8286 -0.5285
vn -0.1459 -0.8237 -0.5480
vn -0.9637 -0.0915 0.2508
vn -0.8162 -0.0282 0.5771
vn -0.6424 0.0200 0.7661
vn 0.2275 0.1796 0.9571
vn 0.1764 0.1727 0.9690
vn 0.6503 0.2173 0.7279
vn -0.1931 -0.0988 -0.9762
vn -0.2516 -0.1065 -0.9620
vn -0.6608 -0.1512 -0.7352
vn 0.7801 0.0951 -0.6183
vn 0.5924 0.0442 -0.8044
vn 0.9532 0.1576 -0.2580
vn 0.9647 0.0906 -0.2474
vn 0.6572 -0.0119 -0.7536
vn 0.8031 0.0264 -0.5953
vn -0.2246 -0.1690 -0.9597
vn -0.6520 -0.2074 -0.7293
vn -0.1814 -0.1633 -0.9698
vn 0.1981 0.0916 0.9759
vn 0.6605 0.1433 0.7370
vn 0.2453 0.0977 0.9645
vn -0.7678 -0.0927 0.6340
vn -0.6134 -0.0528 0.7880
vn -0.9531 -0.1549 0.2599
vn -0.1900 0.9801 0.0571
vn -0.5183 0.8418 -0.1506
vn -0.5179 0.8364 -0.1795
vn -0.1847 0.9812 0.0563
vn 0.1619 -0.9831 -0.0858
vn -0.0888 -0.9756 0.2006
vn -0.0851 -0.9688 0.2326
vn 0.1618 -0.9831 -0.0858
vn -0.3735 0.8266 -0.4211
vn -0.3712 0.8276 -0.4211
vn -0.1300 0.8412 -0.5248
vn 0.1090 0.9528 -0.2835
vn 0.1055 0.9461 -0.3061
vn -0.1305 0.8412 -0.5247
vn 0.0946 -0.8877 0.4507
vn 0.2612 -0.8757 0.4061
vn 0.2617 -0.8764 0.4043
vn 0.1098 -0.8866 0.4494
vn 0.3699 -0.8598 0.3519
vn 0.3607 -0.8626 0.3546
vn -0.2792 0.8527 -0.4415
vn -0.2778 0.8537 -0.4405
vn 0.4539 -0.8869 0.0861
vn 0.4572 -0.8799 0.1291
vn -0.5633 -0.1767 -0.8071
vn -0.2349 -0.1487 -0.9606
vn 0.0224 -0.1162 -0.9930
vn 0.8146 0.0251 -0.5795
vn 0.7833 0.0175 -0.6214
vn 0.9870 0.0894 -0.1336
vn -0.7761 -0.0933 0.6237
vn -0.8116 -0.1021 0.5753
vn -0.9779 -0.1560 0.1390
vn 0.2048 0.0692 0.9764
vn -0.0615 0.0353 0.9975
vn 0.5724 0.1102 0.8125
vn 0.5659 0.1784 0.8050
vn -0.0014 0.1147 0.9934
vn 0.2136 0.1440 0.9662
vn -0.8107 -0.0346 0.5844
vn -0.9859 -0.0995 0.1345
vn -0.7843 -0.0280 0.6198
vn 0.7772 0.1016 -0.6210
vn 0.9763 0.1635 -0.1414
vn 0.8059 0.1088 -0.5820
vn -0.1855 -0.0656 -0.9805
vn 0.0335 -0.0358 -0.9988
vn -0.5704 -0.1125 -0.8136
vn 0.2119 -0.9749 -0.0679
vn -0.1962 -0.9723 -0.1268
vn -0.2157 -0.9708 -0.1047
vn 0.2155 -0.9744 -0.0638
vn -0.2508 0.9653 0.0722
vn -0.2500 0.9187 -0.3057
vn -0.2253 0.9176 -0.3275
vn -0.2509 0.9653 0.0721
vn -0.2654 -0.9487 0.1716
vn -0.2635 -0.9490 0.1732
vn -0.1509 -0.9014 0.4059
vn 0.2057 -0.9018 0.3802
vn 0.1870 -0.8995 0.3948
vn -0.1511 -0.9015 0.4056
vn 0.0646 0.9246 -0.3754
vn 0.1601 0.9587 -0.2352
vn 0.1591 0.9592 -0.2337
vn 0.0751 0.9281 -0.3647
vn 0.2093 0.9700 -0.1236
vn 0.2035 0.9702 -0.1318
vn -0.2023 -0.9471 0.2491
vn -0.2003 -0.9475 0.2493
vn 0.0957 0.9866 0.1318
vn 0.1270 0.9867 0.1013
vn 0.3295 0.1140 0.9372
vn 0.1792 0.4401 0.8799
vn 0.0556 0.6403 0.7661
vn -0.3756 0.9265 0.0241
vn -0.3561 0.9316 0.0729
vn -0.5005 0.7615 -0.4117
vn 0.2920 -0.9556 -0.0395
vn 0.3142 -0.9492 0.0166
vn 0.4421 -0.7831 0.4373
vn -0.2260 -0.4987 -0.8368
vn -0.0962 -0.6976 -0.7100
vn -0.3880 -0.1356 -0.9116
vn -0.3295 -0.1104 -0.9377
vn -0.0694 -0.6275 -0.7755
vn -0.1711 -0.4594 -0.8716
vn 0.5033 -0.7202 0.4775
vn 0.5165 -0.4200 0.7463
vn 0.4976 -0.2764 0.8222
vn -0.2866 0.9575 0.0328
vn -0.4348 0.7864 -0.4387
vn -0.3044 0.9524 -0.0125
vn -0.0769 0.8812 0.4665
vn 0.1304 -0.8600 -0.4933
vn 0.4032 0.0815 0.9115
vn -0.8802 -0.1661 0.4447
vn -0.6440 -0.3933 0.6562
vn -0.6389 -0.4133 0.6489
vn -0.8826 -0.1663 0.4397
vn 0.8953 0.1346 -0.4246
vn 0.9192 0.3723 -0.1282
vn 0.9070 0.4026 -0.1235
vn 0.8954 0.1346 -0.4245
vn -0.6852 -0.5983 0.4154
vn -0.6603 -0.6075 0.4416
vn -0.6812 -0.6934 0.2350
vn -0.8913 -0.4451 0.0866
vn -0.8807 -0.4662 0.0836
vn -0.6811 -0.6933 0.2354
vn 0.7463 0.6252 -0.2284
vn 0.7332 0.5777 -0.3586
vn 0.7344 0.5765 -0.3581
vn 0.7410 0.6261 -0.2428
vn 0.7263 0.5372 -0.4288
vn 0.7212 0.5381 -0.4364
vn -0.7036 -0.6109 0.3630
vn -0.7034 -0.6110 0.3631
vn 0.7207 0.3267 -0.6114
vn 0.7137 0.3608 -0.6003
vn -0.2331 -0.4672 -0.8529
vn -0.0039 -0.2137 -0.9769
vn 0.1625 -0.0124 -0.9866
vn 0.6123 0.6079 -0.5056
vn 0.5977 0.5833 -0.5500
vn 0.6633 0.7469 -0.0465
vn -0.5406 -0.6337 0.5533
vn -0.5571 -0.6616 0.5019
vn -0.6115 -0.7895 0.0530
vn 0.0355 0.1343 0.9903
vn -0.1357 -0.0734 0.9880
vn 0.2849 0.4247 0.8593
vn 0.2340 0.4703 0.8509
vn -0.1463 0.0257 0.9889
vn -0.0087 0.1954 0.9807
vn -0.6034 -0.6124 0.5108
vn -0.6557 -0.7535 0.0475
vn -0.5911 -0.5916 0.5483
vn 0.5356 0.6404 -0.5505
vn 0.6053 0.7941 -0.0555
vn 0.5488 0.6630 -0.5092
vn -0.0237 -0.1183 -0.9927
vn 0.1159 0.0540 -0.9918
vn -0.2818 -0.4249 -0.8603
vn 0.8264 -0.5613 -0.0447
vn 0.5327 -0.8348 -0.1394
vn 0.5161 -0.8482 -0.1191
vn 0.8284 -0.5586 -0.0403
vn -0.8484 0.5275 0.0456
vn -0.7905 0.5157 -0.3305
vn -0.7703 0.5330 -0.3500
vn -0.8484 0.5274 0.0455
vn 0.4463 -0.8819 0.1517
vn 0.4478 -0.8809 0.1534
vn 0.4811 -0.7826 0.3949
vn 0.7417 -0.5379 0.4007
vn 0.7256 -0.5499 0.4137
vn 0.4811 -0.7829 0.3946
vn -0.5617 0.7389 -0.3722
vn -0.5252 0.8209 -0.2244
vn -0.5264 0.8205 -0.2229
vn -0.5572 0.7479 -0.3607
vn -0.5048 0.8563 -0.1089
vn -0.5086 0.8530 -0.1175
vn 0.4858 -0.8421 0.2344
vn 0.4874 -0.8410 0.2348
vn -0.6157 0.7763 0.1354
vn -0.5910 0.7994 0.1078
vn -0.1064 -0.5808 -0.8071
vn 0.0220 -0.2771 -0.9606
vn 0.1132 -0.0344 -0.9930
vn 0.3576 0.7323 -0.5795
vn 0.3498 0.7010 -0.6214
vn 0.3811 0.9148 -0.1336
vn -0.2794 -0.7300 0.6237
vn -0.2881 -0.7655 0.5753
vn -0.3181 -0.9378 0.1390
vn 0.0343 0.2134 0.9764
vn -0.0599 -0.0379 0.9975
vn 0.1694 0.5578 0.8125
vn 0.1061 0.5837 0.8050
vn -0.1021 0.0523 0.9934
vn -0.0277 0.2561 0.9662
vn -0.3475 -0.7333 0.5844
vn -0.3718 -0.9185 0.1345
vn -0.3410 -0.7069 0.6198
vn 0.2726 0.7349 -0.6210
vn 0.3106 0.9399 -0.1414
vn 0.2796 0.7636 -0.5820
vn -0.0284 -0.1947 -0.9805
vn 0.0473 0.0129 -0.9988
vn -0.1664 -0.5570 -0.8136
vn 0.9612 -0.2672 -0.0679
vn 0.7686 -0.6270 -0.1268
vn 0.7582 -0.6435 -0.1047
vn 0.9625 -0.2637 -0.0638
vn -0.9709 0.2283 0.0722
vn -0.9293 0.2072 -0.3057
vn -0.9168 0.2286 -0.3275
vn -0.9709 0.2282 0.0721
vn 0.7155 -0.6772 0.1716
vn 0.7166 -0.6756 0.1732
vn 0.7270 -0.5538 0.4059
vn 0.8936 -0.2386 0.3802
vn 0.8829 -0.2541 0.3948
vn 0.7270 -0.5541 0.4056
vn -0.7878 0.4883 -0.3754
vn -0.7734 0.5887 -0.2352
vn -0.7743 0.5880 -0.2337
vn -0.7860 0.4992 -0.3647
vn -0.7605 0.6375 -0.1236
vn -0.7633 0.6324 -0.1318
vn 0.7435 -0.6206 0.2491
vn 0.7447 -0.6191 0.2493
vn -0.8281 0.5448 0.1318
vn -0.8136 0.5725 0.1013
vn -0.8457 0.0168 -0.5334
vn -0.8571 0.0175 -0.5149
vn -0.2363 -0.0192 -0.9715
vn -0.2275 -0.0197 -0.9736
vn 0.5269 -0.0607 -0.8478
vn 0.5193 -0.0603 -0.8525
vn 0.9724 -0.0821 -0.2182
vn 0.9675 -0.0819 -0.2393
vn 0.8416 -0.0709 0.5355
vn 0.8529 -0.0716 0.5171
vn 0.2236 -0.0345 0.9741
vn 0.2324 -0.0350 0.9720
vn -0.5215 0.0061 0.8532
vn -0.5291 0.0065 0.8485
vn -0.9700 0.0277 0.2417
vn -0.9750 0.0278 0.2207
vn 0.0629 0.9966 -0.0526
vn -0.9832 -0.0183 0.1813
vn -0.8254 -0.0341 -0.5635
vn -0.1889 -0.0883 -0.9780
vn 0.5535 -0.1490 -0.8194
vn 0.9668 -0.1808 -0.1806
vn 0.8090 -0.1650 0.5642
vn 0.1724 -0.1108 0.9788
vn -0.5699 -0.0501 0.8202
vn 0.0824 0.9966 -0.0037
vn -0.7838 -0.1639 -0.5990
vn -0.1199 -0.2232 -0.9674
vn 0.6132 -0.2097 -0.7616
vn 0.9860 -0.1315 -0.1022
vn 0.7802 -0.0342 0.6246
vn 0.1163 0.0250 0.9929
vn -0.6167 0.0116 0.7871
vn -0.9896 -0.0667 0.1277
vn 0.0177 0.9917 -0.1277
vn -0.8263 -0.1639 0.5388
vn -0.9519 -0.2232 -0.2100
vn -0.5132 -0.2097 -0.8323
vn 0.2329 -0.1315 -0.9636
vn 0.8492 -0.0342 -0.5270
vn 0.9748 0.0250 0.2218
vn 0.5360 0.0116 0.8441
vn -0.2100 -0.0667 0.9754
vn -0.1144 0.9917 -0.0593
vn 0.9948 0.0879 0.0519
vn 0.9971 0.0719 0.0249
vn 0.9986 0.0509 -0.0107
vn 0.9945 0.1030 0.0187
vn 0.9927 0.1060 0.0583
vn 0.9934 0.1051 0.0460
vn -0.9841 -0.0298 0.1752
vn -0.9879 -0.0360 0.1510
vn -0.9704 -0.0127 0.2411
vn -0.9903 -0.0432 0.1322
vn -0.9924 -0.0470 0.1137
vn -0.9937 -0.0498 0.1000
vn -0.2451 -0.3352 -0.9097
vn 0.1520 -0.8319 0.5338
vn 0.1702 -0.8110 0.5597
vn 0.1079 -0.8766 0.4689
vn 0.2791 -0.6771 0.6809
vn 0.2526 -0.7094 0.6580
vn 0.2451 -0.7181 0.6513
vn -0.1688 0.8141 -0.5557
vn -0.1512 0.8340 -0.5307
vn -0.1072 0.8780 -0.4665
vn -0.2798 0.6784 -0.6793
vn -0.2448 0.7210 -0.6483
vn -0.2524 0.7120 -0.6552
vn -0.9968 -0.0409 0.0692
vn -0.9981 -0.0350 0.0512
vn -0.9992 -0.0279 0.0298
vn -0.9968 -0.0433 0.0665
vn -0.9958 -0.0458 0.0799
vn -0.9961 -0.0451 0.0760
vn 0.9490 0.1493 -0.2776
vn 0.9515 0.1443 -0.2718
vn 0.9440 0.1592 -0.2891
vn 0.9890 0.0556 -0.1372
vn 0.9802 0.0829 -0.1799
vn 0.9696 0.1081 -0.2194
vn 0.2165 -0.4496 0.8666
vn -0.2199 -0.7342 -0.6424
vn -0.2214 -0.7285 -0.6483
vn -0.2006 -0.7984 -0.5677
vn -0.2604 -0.5273 -0.8088
vn -0.2515 -0.5859 -0.7703
vn -0.2502 -0.5940 -0.7646
vn 0.2208 0.7300 0.6468
vn 0.2193 0.7359 0.6406
vn 0.2007 0.7981 0.5681
vn 0.2638 0.5183 0.8135
vn 0.2511 0.5927 0.7653
vn 0.2528 0.5836 0.7717
vn -0.2185 -0.3205 -0.9217
vn -0.1805 0.7653 -0.6178
vn 0.1791 -0.7713 0.6108
vn 0.9950 0.0557 -0.0833
vn 0.3158 -0.4323 0.8446
vn 0.0854 0.6671 0.7400
vn -0.0816 -0.6795 -0.7291
vn 0.9924 0.0552 -0.1096
vn -0.3117 0.9463 0.0861
vn -0.1834 0.6105 0.7705
vn 0.0492 -0.0744 0.9960
vn 0.2536 -0.7166 0.6497
vn 0.3117 -0.9463 -0.0861
vn 0.1834 -0.6105 -0.7705
vn -0.0492 0.0744 -0.9960
vn -0.2536 0.7166 -0.6497
vn -0.3061 0.9002 -0.3096
vn 0.2677 -0.8421 -0.4681
vn 0.9489 0.3147 -0.0234
vn -0.2677 0.8421 0.4681
vn 0.3061 -0.9002 0.3096
vn 0.1707 -0.1524 0.9735
vn -0.9969 0.0748 0.0235
vn -0.9967 0.0716 0.0387
vn -0.9933 0.0589 0.0997
vn -0.9858 0.1045 -0.1318
vn -0.9921 0.0953 -0.0816
vn -0.9914 0.0965 -0.0881
vn -0.1705 0.1476 -0.9742
vn 0.9723 -0.0382 -0.2305
vn 0.9686 -0.0351 -0.2461
vn 0.9905 -0.0587 -0.1246
vn 0.9068 -0.0022 -0.4216
vn 0.9211 -0.0075 -0.3891
vn 0.9244 -0.0088 -0.3814
vn -0.0923 -0.9406 -0.3267
vn -0.1013 -0.9171 -0.3856
vn -0.0804 -0.9452 -0.3164
vn -0.0810 -0.9445 -0.3183
vn -0.0918 -0.9418 -0.3233
vn -0.0585 -0.9465 -0.3175
vn -0.0681 -0.9525 -0.2968
vn -0.0089 -0.9546 -0.2978
vn -0.0877 -0.9531 -0.2897
vn -0.0384 -0.9836 -0.1765
vn -0.1019 -0.9371 -0.3340
vn -0.0955 -0.9442 -0.3153
vn -0.0865 -0.9534 -0.2891
vn 0.0865 0.9534 0.2891
vn 0.0857 0.9543 0.2862
vn 0.1020 0.9108 0.4001
vn 0.0929 0.9368 0.3372
vn 0.0923 0.9382 0.3336
vn 0.0902 0.9238 0.3722
vn 0.0898 0.9241 0.3714
vn 0.0858 0.9542 0.2865
vn 0.0658 0.9471 0.3142
vn 0.1257 -0.0665 0.9898
vn 0.9963 -0.0000 -0.0858
vn 0.1555 -0.1874 0.9699
vn -0.9963 0.0000 0.0858
vn -0.0732 0.1413 -0.9873
vn 0.9686 -0.1131 -0.2214
vn -0.1909 0.1464 -0.9706
vn -0.9689 0.1676 0.1821
vn -0.3560 -0.2491 0.9007
vn -0.4016 -0.2265 0.8873
vn -0.1447 0.6861 0.7130
vn -0.1040 0.6800 0.7258
vn 0.0484 0.9436 0.3274
vn 0.0728 0.9341 0.3496
vn 0.3344 0.7019 -0.6290
vn 0.3300 0.7029 -0.6301
vn 0.3346 0.7018 -0.6289
vn 0.2321 -0.2429 -0.9419
vn 0.2315 -0.2428 -0.9420
vn 0.0699 -0.6797 -0.7302
vn -0.1328 -0.9375 -0.3217
vn -0.1151 -0.9415 -0.3167
vn -0.3601 -0.6865 0.6317
vn -0.4002 -0.6784 0.6161
vn -0.3213 -0.6929 0.6455
vn -0.3086 -0.2697 0.9122
vn 0.0767 -0.6899 -0.7198
vn -0.0967 -0.9453 -0.3114
vn 0.2328 -0.2431 -0.9417
vn 0.3391 0.7007 -0.6277
vn -0.0670 0.6597 0.7485
vn 0.0963 0.9238 0.3705
vn 0.9375 -0.2292 0.2620
vn -0.9380 0.2320 -0.2576
vn -0.9380 0.2319 -0.2577
vn -0.9375 0.2292 -0.2620
vn -0.9385 0.2348 -0.2531
vn 0.3997 -0.1769 0.8994
vn 0.3778 -0.2238 0.8984
vn -0.5913 -0.1599 0.7905
vn -0.5975 -0.1203 0.7928
vn -0.9159 -0.0668 0.3957
vn -0.9158 -0.0408 0.3997
vn -0.8041 0.1136 -0.5836
vn -0.8044 0.1093 -0.5840
vn -0.4169 0.1442 -0.8974
vn -0.3996 0.1479 -0.9047
vn 0.1094 0.1417 -0.9839
vn 0.1094 0.1423 -0.9838
vn 0.9150 0.0162 -0.4031
vn 0.9141 -0.0020 -0.4055
vn 0.9150 0.0157 -0.4032
vn 0.8023 -0.1376 0.5808
vn 0.7983 -0.1779 0.5753
vn 0.8049 -0.0995 0.5850
vn 0.4157 -0.1287 0.9003
vn 0.9156 0.0340 -0.4006
vn -0.3867 0.1511 -0.9098
vn 0.1095 0.1429 -0.9837
vn -0.8038 0.1184 -0.5830
vn -0.9150 -0.0153 0.4032
vn -0.1081 -0.1242 0.9864
vn 0.0772 0.9899 0.1188
vn -0.0772 -0.9899 -0.1188
vn 0.9310 0.3648 0.0152
vn 0.9308 0.3655 -0.0041
vn 0.9310 0.3648 0.0146
vn 0.7807 -0.6228 -0.0514
vn 0.7804 -0.6213 -0.0704
vn -0.1521 -0.9855 -0.0756
vn -0.1515 -0.9840 -0.0942
vn -0.1521 -0.9855 -0.0749
vn -0.9389 -0.3429 -0.0309
vn -0.9412 -0.3342 -0.0500
vn -0.9868 0.1607 -0.0208
vn -0.9871 0.1602 0.0009
vn -0.3757 0.9263 0.0302
vn -0.3712 0.9271 0.0528
vn 0.1334 0.9903 0.0384
vn 0.1379 0.9888 0.0573
vn -0.3729 0.9249 0.0747
vn 0.1424 0.9868 0.0768
vn -0.9868 0.1602 0.0237
vn -0.9362 -0.3512 -0.0123
vn -0.1526 -0.9867 -0.0562
vn 0.7807 -0.6240 -0.0323
vn 0.9308 0.3640 0.0340
vn -0.0104 -0.0518 0.9986
vn -0.0019 -0.0554 0.9985
vn -0.0188 -0.0482 0.9987
vn 0.0240 0.0474 -0.9986
vn 0.0014 -0.0118 -0.9999
vn 0.0045 -0.0366 -0.9993
vn 0.8635 0.0681 -0.4997
vn 0.8610 0.0930 -0.5000
vn 0.8635 0.0681 0.4997
vn 0.8610 0.0930 0.5000
vn 0.0045 -0.0366 0.9993
vn 0.0014 -0.0118 0.9999
vn -0.8546 -0.1413 0.4997
vn -0.8582 -0.1166 0.5000
vn -0.8546 -0.1413 -0.4997
vn -0.8582 -0.1166 -0.5000
vn -0.8612 -0.0916 -0.5000
vn -0.0016 0.0132 -0.9999
vn -0.8612 -0.0916 0.5000
vn -0.0016 0.0132 0.9999
vn 0.8580 0.1179 0.5000
vn 0.8580 0.1179 -0.5000
vn -0.1210 0.9927 -0.0000
vn 0.1210 -0.9927 0.0000
vn 0.2154 -0.0622 0.9745
vn 0.2414 0.1224 0.9627
vn 0.2415 0.1233 0.9625
vn 0.2672 0.4577 0.8480
vn 0.2669 0.4492 0.8526
vn 0.2478 0.8156 0.5228
vn 0.2515 0.7943 0.5530
vn 0.1479 0.9886 -0.0265
vn 0.1570 0.9875 0.0134
vn -0.0019 0.8252 -0.5649
vn 0.0084 0.8454 -0.5341
vn -0.1219 0.4937 -0.8610
vn -0.1186 0.5055 -0.8547
vn -0.1940 0.1835 -0.9637
vn -0.1931 0.1881 -0.9630
vn -0.2231 0.0130 -0.9747
vn -0.9902 0.1225 0.0663
vn -0.9905 0.1215 0.0640
vn -0.9916 0.1172 0.0544
vn -0.9851 0.1633 0.0535
vn -0.9861 0.1614 0.0395
vn -0.9853 0.1630 0.0516
vn -0.9808 0.1614 0.1091
vn -0.9816 0.1614 0.1023
vn -0.9825 0.1443 0.1179
vn -0.9825 0.1442 0.1179
vn -0.9878 0.1249 0.0933
vn -0.9874 0.1254 0.0966
vn -0.9889 0.1251 0.0797
vn -0.9889 0.1249 0.0801
vn -0.9839 0.1632 0.0733
vn -0.2394 -0.1057 -0.9652
vn -0.2387 -0.0998 -0.9660
vn -0.2003 0.1494 -0.9683
vn 0.2016 -0.1427 0.9690
vn 0.2016 -0.1426 0.9690
vn 0.2303 0.0365 0.9724
vn -0.2667 -0.4427 -0.8561
vn -0.2669 -0.4479 -0.8533
vn 0.0131 -0.8017 0.5976
vn 0.0202 -0.7860 0.6179
vn -0.1469 -0.9887 0.0310
vn -0.1545 -0.9880 -0.0024
vn 0.1314 -0.4591 0.8786
vn 0.1337 -0.4505 0.8827
vn -0.2569 -0.7556 -0.6025
vn -0.2545 -0.7740 -0.5798
vn -0.9953 0.0236 0.0940
vn -0.9918 0.1008 0.0784
vn -0.9910 0.1197 0.0596
vn -0.9934 -0.0312 0.1106
vn -0.9738 -0.1671 0.1543
vn -0.9642 -0.1037 0.2439
vn -0.9782 0.0139 0.2070
vn -0.9379 -0.0693 0.3400
vn -0.9749 0.0882 0.2045
vn -0.9747 0.0540 0.2171
vn -0.9872 0.0681 0.1442
vn -0.9881 0.0720 0.1359
vn -0.9871 -0.0133 0.1594
vn -0.9853 0.0873 0.1471
vn -0.9768 -0.1283 0.1715
vn -0.1758 -0.1706 -0.9695
vn -0.1568 -0.1378 -0.9780
vn -0.1729 -0.1656 -0.9709
vn -0.1957 -0.2053 -0.9589
vn 0.9482 -0.2683 -0.1701
vn 0.9225 -0.3522 -0.1579
vn 0.9279 -0.3547 -0.1148
vn 0.9588 -0.2463 -0.1414
vn 0.9694 -0.1303 -0.2080
vn 0.9791 -0.1092 -0.1714
vn 0.9846 -0.1677 -0.0498
vn 0.9524 -0.3047 0.0080
vn 0.9346 -0.3548 0.0268
vn 0.8894 -0.4512 0.0731
vn 0.9199 -0.3915 0.0223
vn 0.9377 -0.3409 -0.0670
vn 0.9358 -0.3487 -0.0519
vn 0.9361 -0.3163 -0.1537
vn 0.9542 -0.1571 -0.2546
vn 0.1719 -0.0613 0.9832
vn 0.1518 -0.1253 0.9804
vn 0.1740 -0.0543 0.9832
vn 0.1965 0.0207 0.9803
vn -0.0080 -0.9897 0.1432
vn -0.0100 -0.9911 0.1324
vn -0.0498 -0.9943 -0.0947
vn 0.0323 -0.9312 0.3630
vn 0.1015 0.9860 -0.1324
vn 0.1013 0.9852 -0.1385
vn 0.1031 0.9919 -0.0740
vn 0.0746 0.9259 -0.3702
vn 0.0796 0.9362 -0.3424
vn 0.0793 0.9356 -0.3441
vn 0.0901 0.9556 -0.2806
vn 0.0901 0.9555 -0.2808
vn 0.0975 0.9701 -0.2225
vn 0.0977 0.9707 -0.2195
vn 0.0180 -0.9443 0.3286
vn -0.9859 0.1274 0.1089
vn 0.1181 0.0024 0.9930
vn -0.0610 -0.4576 -0.8871
vn -0.1646 -0.4377 -0.8839
vn 0.3053 -0.4348 -0.8472
vn 0.4706 -0.4237 -0.7739
vn 0.7567 -0.3461 -0.5546
vn 0.7749 -0.3376 -0.5345
vn 0.9955 -0.0475 0.0824
vn 0.9956 -0.0103 0.0933
vn 0.8379 0.1711 0.5183
vn 0.6805 0.3221 0.6581
vn 0.5509 0.4110 0.7263
vn 0.2739 0.4934 0.8256
vn -0.1347 0.4830 0.8652
vn -0.0714 0.4901 0.8687
vn -0.2712 0.4605 0.8452
vn -0.7055 0.3662 0.6068
vn -0.5976 0.4037 0.6928
vn -0.9076 0.2424 0.3429
vn -0.9852 0.0021 -0.1715
vn -0.9900 0.1202 0.0736
vn -0.9667 -0.0386 -0.2531
vn -0.8975 -0.1362 -0.4195
vn -0.7801 -0.2354 -0.5796
vn 0.5223 0.4707 -0.7111
vn -0.2004 0.7337 0.6493
vn -0.2530 0.6937 0.6744
vn -0.2768 0.6741 0.6848
vn -0.3011 0.6531 0.6948
vn 0.9467 -0.1276 -0.2957
vn 0.9373 -0.1280 -0.3242
vn 0.9207 -0.1638 -0.3542
vn 0.9232 -0.0742 -0.3770
vn 0.9056 -0.1670 -0.3899
vn 0.9005 -0.1875 -0.3923
vn -0.3708 0.7561 0.5393
vn 0.9011 -0.3816 -0.2059
vn 0.8687 -0.4434 0.2209
vn 0.8948 -0.4344 0.1034
vn 0.7325 -0.4347 0.5239
vn -0.8300 0.4846 0.2763
vn -0.8174 0.3831 0.4303
vn -0.7732 0.3846 0.5043
vn -0.8433 0.5351 0.0507
vn -0.5506 0.7499 -0.3668
vn 0.6087 -0.7660 0.2068
vn 0.4650 -0.7212 0.5135
vn 0.6270 -0.7646 0.1493
vn 0.6853 -0.7082 -0.1696
vn -0.7046 0.5864 0.3995
vn -0.5837 0.7129 0.3887
vn -0.5918 0.7056 0.3897
vn -0.4072 0.8401 0.3583
vn -0.0968 0.8533 -0.5123
vn -0.1987 0.7856 -0.5860
vn -0.3699 0.8497 -0.3759
vn -0.2714 0.7116 -0.6480
vn 0.0634 0.6219 -0.7805
vn 0.0558 0.5462 -0.8358
vn -0.5268 0.7577 -0.3852
vn -0.3519 0.9044 0.2412
vn 0.8187 0.5741 -0.0131
vn 0.8248 0.5654 -0.0049
vn 0.8210 0.5708 -0.0100
vn 0.8148 0.5795 -0.0181
vn 0.2806 0.9593 -0.0317
vn 0.1162 0.6728 -0.7307
vn -0.1129 0.0002 -0.9936
vn -0.2772 -0.6726 -0.6862
vn -0.2806 -0.9593 0.0317
vn -0.1162 -0.6728 0.7307
vn 0.1129 -0.0002 0.9936
vn 0.2772 0.6726 0.6862
vn 0.3024 0.8831 0.3587
vn -0.2142 -0.8832 0.4171
vn -0.9532 0.2823 0.1084
vn 0.2142 0.8832 -0.4171
vn -0.3024 -0.8831 -0.3587
vn -0.9316 -0.3493 0.1004
vn 0.0379 0.0813 -0.9960
vn 0.0341 0.0796 -0.9962
vn -0.0195 0.0558 -0.9983
vn 0.1678 0.1368 -0.9763
vn 0.1299 0.1210 -0.9841
vn 0.1296 0.1209 -0.9842
vn 0.9335 0.3442 -0.1001
vn 0.1347 -0.0122 0.9908
vn 0.1342 -0.0124 0.9909
vn 0.0404 -0.0518 0.9978
vn 0.2911 0.0512 0.9553
vn 0.2603 0.0397 0.9647
vn 0.2582 0.0389 0.9653
vn 0.4159 -0.9070 -0.0663
vn 0.4680 -0.8809 -0.0709
vn 0.4075 -0.9115 -0.0552
vn 0.4080 -0.9113 -0.0553
vn 0.4148 -0.9075 -0.0662
vn 0.4040 -0.9143 -0.0283
vn 0.3886 -0.9202 -0.0461
vn 0.3848 -0.9228 0.0172
vn 0.3842 -0.9210 -0.0648
vn 0.2830 -0.9588 -0.0236
vn 0.4228 -0.9031 -0.0756
vn 0.4057 -0.9113 -0.0703
vn 0.3828 -0.9216 -0.0633
vn -0.3828 0.9216 0.0633
vn -0.3801 0.9228 0.0627
vn -0.4809 0.8739 0.0705
vn -0.4252 0.9027 0.0660
vn -0.4240 0.9033 0.0659
vn -0.4554 0.8883 0.0603
vn -0.4552 0.8884 0.0603
vn -0.3805 0.9226 0.0628
vn -0.4032 0.9143 0.0399
vn -0.9656 -0.2558 0.0472
vn -0.0000 0.0000 1.0000
vn -0.9183 -0.3871 0.0829
vn 0.0000 0.0000 -1.0000
vn 0.9409 0.3385 0.0137
vn 0.1300 -0.0905 0.9874
vn 0.9314 0.3423 -0.1240
vn -0.1042 0.1503 -0.9831
vn 0.2016 0.2800 -0.9386
vn 0.1935 0.2878 -0.9379
vn 0.6496 -0.2499 -0.7181
vn 0.6729 -0.2871 -0.6817
vn 0.7757 -0.6273 -0.0693
vn 0.7655 -0.6434 -0.0015
vn 0.4693 -0.6019 0.6461
vn 0.4421 -0.5872 0.6780
vn -0.0940 -0.1737 0.9803
vn -0.0915 -0.1760 0.9801
vn -0.5664 0.3940 0.7239
vn -0.5470 0.3631 0.7543
vn -0.6591 0.7508 0.0432
vn -0.6685 0.7364 0.1043
vn -0.3368 0.6954 -0.6348
vn -0.3607 0.7083 -0.6069
vn -0.9738 0.2223 -0.0481
vn -0.8221 -0.0912 0.5620
vn -0.7875 -0.1320 0.6020
vn -0.9784 0.2006 0.0503
vn -0.3560 -0.5515 0.7544
vn 0.1403 -0.8801 0.4537
vn 0.1270 -0.8737 0.4696
vn -0.3392 -0.5650 0.7521
vn -0.7181 0.1755 -0.6734
vn -0.7559 0.1963 -0.6245
vn 0.3989 -0.8996 -0.1779
vn 0.2356 -0.5784 -0.7810
vn 0.2863 -0.6366 -0.7160
vn 0.3921 -0.9130 -0.1128
vn -0.2459 -0.1371 -0.9595
vn -0.1938 -0.1759 -0.9651
vn -0.1499 0.7367 0.6594
vn 0.2668 0.2871 0.9200
vn 0.2916 0.2649 0.9191
vn -0.1366 0.7159 0.6847
vn 0.7698 -0.0965 0.6310
vn 0.9849 -0.1702 -0.0310
vn 0.9849 -0.1722 -0.0183
vn 0.7770 -0.1010 0.6213
vn 0.7699 0.1149 -0.6278
vn 0.3094 0.5795 -0.7540
vn 0.3336 0.5550 -0.7620
vn 0.7880 0.0950 -0.6083
vn -0.0604 0.9079 -0.4147
vn -0.0542 0.9030 -0.4262
vn -0.2314 0.9665 0.1113
vn -0.2334 0.9643 0.1250
vn -0.7541 -0.3689 -0.5434
vn -0.9766 -0.1539 0.1504
vn -0.9792 -0.2026 0.0139
vn -0.6741 -0.3880 -0.6285
vn -0.6336 -0.0437 0.7724
vn 0.0657 -0.1672 0.9837
vn 0.1656 -0.1948 0.9668
vn -0.6227 -0.0439 0.7812
vn 0.6889 -0.3646 0.6265
vn 0.8765 -0.4793 -0.0459
vn 0.8636 -0.4862 -0.1335
vn 0.7523 -0.3880 0.5325
vn 0.5574 -0.5024 -0.6610
vn -0.1170 -0.4654 -0.8773
vn -0.0818 -0.4672 -0.8804
vn 0.5269 -0.5021 -0.6857
vn -0.9356 0.3369 0.1056
vn -0.6183 0.2550 0.7434
vn -0.5869 0.2511 0.7698
vn -0.9328 0.3332 0.1371
vn 0.0844 0.2095 0.9741
vn 0.7495 0.2334 0.6194
vn 0.7459 0.2330 0.6239
vn 0.1103 0.2091 0.9717
vn 0.9442 0.3131 -0.1019
vn 0.5648 0.3956 -0.7242
vn 0.5971 0.3919 -0.6999
vn 0.9486 0.3091 -0.0687
vn -0.7257 0.4077 -0.5543
vn -0.7289 0.4073 -0.5502
vn -0.1224 0.4321 -0.8935
vn -0.0987 0.4319 -0.8965
vn 0.5669 -0.1386 -0.8121
vn -0.1385 0.0064 -0.9903
vn -0.0876 -0.0016 -0.9962
vn 0.5739 -0.1406 -0.8067
vn -0.7667 0.0647 -0.6387
vn -0.7218 0.0640 -0.6891
vn -0.9986 0.0160 0.0512
vn -0.6849 -0.1157 0.7194
vn -0.6841 -0.1159 0.7201
vn -0.9997 0.0220 0.0051
vn 0.0269 -0.2652 0.9638
vn 0.7182 -0.3452 0.6041
vn 0.7560 -0.3461 0.5556
vn 0.0717 -0.2727 0.9594
vn 0.9442 -0.2918 -0.1528
vn 0.9391 -0.2859 -0.1907
vn 0.0475 -0.9808 -0.1894
vn 0.1368 -0.9185 -0.3710
vn 0.1350 -0.9260 -0.3525
vn 0.0332 -0.9835 -0.1776
vn 0.0571 -0.8299 -0.5550
vn -0.1477 -0.7750 -0.6145
vn -0.1611 -0.7739 -0.6125
vn 0.0613 -0.8321 -0.5513
vn -0.3383 -0.7898 -0.5116
vn -0.3971 -0.8579 -0.3261
vn -0.3951 -0.8639 -0.3124
vn -0.3506 -0.7949 -0.4952
vn -0.3115 -0.9349 -0.1703
vn -0.1363 -0.9840 -0.1149
vn -0.1450 -0.9828 -0.1147
vn -0.3089 -0.9361 -0.1682
vn 0.9217 0.3726 0.1078
vn 0.6540 0.6259 -0.4250
vn 0.1437 0.9197 0.3655
vn -0.5338 0.7763 -0.3352
vn -0.7741 0.5832 0.2462
vn -0.5097 0.3229 0.7975
vn 0.1071 0.1530 0.9824
vn 0.7009 0.1756 0.6913
vn 0.0567 0.7920 -0.6079
vn -0.0097 0.0322 -0.9994
vn 0.6905 -0.0740 -0.7195
vn 0.9805 -0.1946 -0.0258
vn 0.6905 -0.2589 0.6754
vn -0.0097 -0.2293 0.9733
vn -0.7100 -0.1231 0.6934
vn -1.0000 -0.0025 -0.0003
vn -0.7100 0.0618 -0.7015
vn 0.0974 0.9866 0.1308
vn 0.0993 -0.0444 -0.9941
vn 0.0778 -0.0435 -0.9960
vn 0.7632 -0.0679 -0.6426
vn 0.7689 -0.0681 -0.6357
vn 0.9930 -0.0680 0.0967
vn 0.9938 -0.0681 0.0878
vn 0.6287 -0.0437 0.7764
vn 0.6453 -0.0446 0.7626
vn -0.1038 -0.0098 0.9945
vn -0.0823 -0.0107 0.9966
vn -0.7718 0.0138 0.6357
vn -0.7661 0.0137 0.6426
vn -0.9962 0.0139 -0.0862
vn -0.9954 0.0138 -0.0951
vn -0.6493 -0.0096 -0.7605
vn -0.6327 -0.0105 -0.7743
vn 0.0881 0.9957 -0.0272
vn -0.1819 -0.6707 0.7191
vn -0.2583 -0.3621 0.8956
vn -0.2925 -0.1089 0.9500
vn -0.2674 0.7345 0.6236
vn -0.2749 0.6981 0.6611
vn -0.1667 0.9632 0.2110
vn 0.2012 -0.7071 -0.6779
vn 0.1924 -0.7486 -0.6344
vn 0.1019 -0.9681 -0.2288
vn 0.1921 0.3175 -0.9286
vn 0.2250 0.0540 -0.9729
vn 0.1171 0.6658 -0.7369
vn 0.1825 0.6733 -0.7165
vn 0.2864 0.1289 -0.9494
vn 0.2597 0.3411 -0.9034
vn 0.2584 -0.7324 -0.6300
vn 0.1570 -0.9642 -0.2137
vn 0.2648 -0.7015 -0.6616
vn -0.1930 0.7103 0.6769
vn -0.0948 0.9680 0.2325
vn -0.1858 0.7438 0.6420
vn -0.1938 -0.2984 0.9346
vn -0.2193 -0.0814 0.9723
vn -0.1200 -0.6644 0.7377
vn -0.9936 -0.0114 -0.1121
vn -0.9071 -0.4133 -0.0799
vn -0.8972 -0.4295 -0.1024
vn -0.9932 -0.0073 -0.1158
vn 0.9942 -0.0280 0.1036
vn 0.8824 -0.0774 0.4641
vn 0.8717 -0.0560 0.4868
vn 0.9942 -0.0281 0.1036
vn -0.8155 -0.4437 -0.3716
vn -0.8160 -0.4417 -0.3730
vn -0.7552 -0.2974 -0.5842
vn -0.8427 0.0460 -0.5365
vn -0.8336 0.0299 -0.5515
vn -0.7553 -0.2977 -0.5839
vn 0.8028 0.2219 0.5534
vn 0.8381 0.3368 0.4291
vn 0.8392 0.3361 0.4276
vn 0.8056 0.2339 0.5443
vn 0.8574 0.3989 0.3253
vn 0.8575 0.3924 0.3329
vn -0.8149 -0.3738 -0.4430
vn -0.8156 -0.3719 -0.4432
vn 0.9449 0.3193 0.0715
vn 0.9324 0.3465 0.1033
vn 0.3069 0.9137 -0.2664
vn 0.3694 0.9208 -0.1251
vn 0.6414 0.7572 -0.1234
vn 0.5916 0.7610 -0.2663
vn 0.9126 0.3981 -0.0935
vn 0.8828 0.4192 -0.2120
vn 0.9873 0.1455 -0.0643
vn 0.9848 0.1588 -0.0697
vn 0.9775 0.1402 -0.1575
vn 0.8633 0.4107 -0.2932
vn 0.9605 0.2223 -0.1674
vn 0.9404 0.2174 -0.2615
vn 0.4047 0.9135 -0.0421
vn 0.6551 0.7539 -0.0497
vn 0.1486 -0.0938 0.9844
vn 0.1484 -0.1111 0.9827
vn 0.1486 -0.0003 0.9889
vn 0.9589 0.2620 -0.1088
vn 0.9163 0.3971 -0.0521
vn 0.9611 0.2715 -0.0503
vn 0.1229 -0.5790 0.8060
vn 0.1230 -0.5818 0.8040
vn 0.1228 -0.5701 0.8123
vn 0.1394 -0.3839 0.9128
vn 0.1369 -0.4243 0.8951
vn 0.5795 0.7403 -0.3407
vn 0.2771 0.9011 -0.3335
vn 0.9585 0.1362 -0.2505
vn 0.9705 0.2256 -0.0854
vn -0.9301 0.2666 0.2527
vn -0.8456 0.2833 0.4524
vn -0.8275 0.4032 0.3908
vn -0.8743 0.4085 0.2622
vn -0.3997 0.9137 0.0735
vn -0.3756 0.9262 0.0338
vn -0.3762 0.9260 0.0323
vn -0.6507 0.7462 0.1408
vn -0.6031 0.7641 0.2291
vn 0.1084 -0.6276 0.7709
vn 0.1103 -0.6330 0.7663
vn 0.1166 -0.6505 0.7505
vn 0.1475 -0.1123 0.9827
vn 0.1480 -0.0979 0.9841
vn 0.1506 -0.0009 0.9886
vn -0.9766 0.2135 0.0248
vn -0.9682 0.2193 0.1202
vn -0.9026 0.4270 0.0539
vn -0.9100 0.4135 -0.0295
vn -0.3953 0.9099 0.1260
vn 0.1234 -0.4431 0.8879
vn 0.1280 -0.3989 0.9080
vn -0.6672 0.7319 -0.1385
vn -0.7120 0.6908 -0.1257
vn -0.3941 0.8936 -0.2149
vn -0.8396 0.5430 0.0175
vn -0.9813 0.1349 0.1374
vn -0.9906 0.1299 0.0423
vn -0.9531 0.2229 0.2047
vn -0.3438 0.9332 0.1041
vn -0.9628 0.1525 0.2229
vn -0.9634 0.1409 0.2281
vn 0.9659 -0.2139 -0.1456
vn 0.8903 -0.4351 -0.1342
vn 0.9835 -0.1036 -0.1483
vn 0.6291 -0.7715 -0.0948
vn 0.3680 -0.9282 -0.0554
vn 0.8998 -0.3680 -0.2342
vn 0.8601 -0.4588 -0.2233
vn 0.9074 -0.3476 -0.2363
vn -0.8912 -0.4464 0.0811
vn -0.9181 -0.3616 0.1626
vn -0.9220 -0.3434 0.1792
vn 0.8852 -0.3651 -0.2882
vn 0.8511 -0.4785 -0.2162
vn 0.9075 -0.2907 -0.3032
vn 0.8759 -0.2862 -0.3885
vn -0.8736 -0.4284 0.2308
vn -0.9483 -0.3021 0.0976
vn -0.9730 -0.2264 0.0440
vn -0.9486 -0.2689 0.1669
vn -0.9943 -0.1016 0.0312
vn -0.9948 -0.0996 0.0198
vn 0.9426 -0.1107 -0.3151
vn 0.9417 -0.1077 -0.3187
vn -0.9955 -0.0861 -0.0386
vn 0.9218 -0.1192 -0.3690
vn 0.5665 -0.8240 0.0063
vn 0.6086 -0.7935 -0.0000
vn -0.5683 -0.7608 0.3136
vn -0.6139 -0.7212 0.3208
vn -0.3185 -0.9161 0.2437
vn 0.0459 -0.9902 0.1320
vn 0.0663 -0.9897 0.1269
vn -0.2955 -0.9257 0.2360
vn 0.3442 -0.9372 0.0563
vn 0.3618 -0.9308 0.0518
vn 0.1794 0.0111 0.9837
vn 0.1794 -0.0000 0.9838
vn 0.1794 0.0112 0.9837
vn 0.1795 0.0038 0.9837
vn 0.1443 0.0031 0.9895
vn 0.1678 0.0055 0.9858
vn 0.1813 -0.0070 0.9834
vn 0.1893 -0.0042 0.9819
vn 0.1793 -0.0088 0.9838
vn 0.1213 -0.0307 0.9921
vn 0.1502 -0.0312 0.9882
vn 0.1963 -0.0217 0.9803
vn 0.2080 -0.0119 0.9780
vn 0.2012 -0.0095 0.9795
vn 0.1847 -0.0035 0.9828
vn 0.1771 -0.0990 0.9792
vn 0.2239 -0.0600 0.9728
vn 0.2240 -0.0571 0.9729
vn 0.1787 -0.0990 0.9789
vn 0.1617 -0.0073 0.9868
vn 0.1354 -0.0537 0.9893
vn 0.1352 -0.0581 0.9891
vn 0.1542 -0.0095 0.9880
vn 0.1777 -0.0026 0.9841
vn 0.3841 -0.8984 -0.2127
vn -0.4405 -0.8950 -0.0698
vn -0.6291 -0.7715 0.0949
vn -0.8906 -0.4344 0.1343
vn -0.9657 -0.2152 0.1456
vn -0.9831 -0.1078 0.1482
vn -0.3680 -0.9282 0.0555
vn 0.1589 0.0290 0.9869
vn 0.1588 0.0285 0.9869
vn 0.1589 0.0323 0.9868
vn 0.1600 0.0243 0.9868
vn 0.1582 0.0223 0.9872
vn 0.1588 0.0216 0.9871
vn 0.1594 0.0239 0.9869
vn 0.1595 0.0244 0.9869
vn -0.1491 0.0000 -0.9888
vn -0.1491 0.0001 -0.9888
vn -0.1490 -0.0001 -0.9888
vn -0.1488 -0.0003 -0.9889
vn -0.1492 -0.0001 -0.9888
vn -0.1494 -0.0003 -0.9888
vn -0.1491 -0.0001 -0.9888
vn -0.1491 -0.0003 -0.9888
vn -0.0806 -0.1315 -0.9880
vn -0.0796 -0.1347 -0.9877
vn -0.0775 -0.1417 -0.9869
vn -0.0743 -0.1524 -0.9855
vn -0.9771 0.1135 0.1798
vn -0.9746 0.1553 0.1612
vn -0.9774 0.1039 0.1841
vn -0.9739 0.1638 0.1573
vn -0.3912 0.8948 -0.2152
vn -0.0035 0.2671 0.9637
vn 0.8902 0.4017 -0.2148
vn -0.7020 -0.0213 0.7118
vn -0.7078 0.5994 0.3738
s 1
f 23/1/1 26/2/1 25/3/1
f 24/4/2 10/5/2 26/2/2
f 12/6/3 7/7/3 14/8/3
f 27/9/4 25/10/5 10/11/6
f 19/12/7 22/13/7 20/14/7
f 11/15/8 17/16/9 13/17/10
f 22/13/11 30/18/11 20/14/11
f 14/8/12 16/19/13 12/6/14
f 31/20/15 30/21/15 32/22/15
f 3/23/16 9/24/16 8/25/16
f 8/26/17 1/27/17 3/28/17
f 11/15/18 6/29/19 4/30/20
f 27/31/21 29/32/21 31/20/21
f 17/16/22 16/19/23 18/33/24
f 4/34/25 10/35/25 5/36/25
f 25/3/26 19/12/26 23/1/26
f 28/37/15 9/38/15 2/39/15
f 5/40/27 23/41/28 28/42/29
f 23/1/1 24/4/1 26/2/1
f 24/4/2 5/43/2 10/5/2
f 12/6/3 1/44/3 7/7/3
f 13/45/30 17/46/31 18/47/32
f 14/48/33 7/49/34 10/11/6
f 7/49/34 8/50/35 10/11/6
f 13/45/30 18/47/32 14/48/33
f 10/11/6 6/51/36 13/45/30
f 25/10/5 26/52/5 10/11/6
f 32/53/37 22/54/38 21/55/39
f 31/56/40 32/53/37 27/9/4
f 32/53/37 21/55/39 27/9/4
f 8/50/35 9/57/41 10/11/6
f 9/57/41 27/9/4 10/11/6
f 27/9/4 21/55/39 25/10/5
f 10/11/6 13/45/30 14/48/33
f 19/12/7 21/58/7 22/13/7
f 11/15/8 15/59/42 17/16/9
f 22/13/11 32/60/11 30/18/11
f 14/8/12 18/33/43 16/19/13
f 31/20/15 29/32/15 30/21/15
f 3/23/16 2/61/16 9/24/16
f 8/26/17 7/62/17 1/27/17
f 11/15/18 13/17/44 6/29/19
f 27/31/21 28/37/21 29/32/21
f 17/16/22 15/59/45 16/19/23
f 4/34/25 6/63/25 10/35/25
f 25/3/26 21/58/26 19/12/26
f 28/37/15 27/31/15 9/38/15
f 12/64/46 16/65/47 11/66/48
f 16/65/47 15/67/49 11/66/48
f 11/66/48 4/68/50 5/40/27
f 3/69/51 1/70/52 5/40/27
f 1/70/52 12/64/46 5/40/27
f 28/42/29 2/71/53 5/40/27
f 2/71/53 3/69/51 5/40/27
f 30/72/54 29/73/55 28/42/29
f 19/74/56 20/75/57 30/72/54
f 5/40/27 24/76/28 23/41/28
f 19/74/56 30/72/54 28/42/29
f 23/41/28 19/74/56 28/42/29
f 12/64/46 11/66/48 5/40/27
s 2
f 33/77/58 35/78/58 36/79/58 34/80/58
s 3
f 37/81/59 39/82/59 40/83/59 38/84/59
s 4
f 41/85/60 43/86/60 44/87/60 42/88/60
s 5
f 45/89/61 47/90/61 48/91/61 46/92/61
s 6
f 57/93/62 49/94/62 50/95/63 58/96/63
f 60/97/64 52/98/64 53/99/65 61/100/65
f 61/100/65 53/99/65 54/101/66 62/102/66
f 62/102/66 54/101/66 55/103/67 63/104/67
f 63/105/67 55/106/67 56/107/68 64/108/68
f 58/96/63 50/95/63 51/109/69 59/110/69
f 59/111/69 51/112/69 52/98/64 60/97/64
f 64/108/68 56/107/68 49/94/62 57/93/62
s 7
f 52/113/70 55/114/70 54/115/70 53/116/70
f 50/117/70 49/118/70 56/119/70 51/120/70
f 51/120/70 56/119/70 55/114/70 52/113/70
s 8
f 63/121/71 60/122/71 61/123/71 62/124/71
f 57/125/71 58/126/71 59/127/71 64/128/71
f 64/128/71 59/127/71 60/122/71 63/121/71
s 9
f 68/129/72 69/130/72 66/131/72 65/132/72
s 10
f 66/131/73 69/130/73 73/133/73 76/134/73
s 11
f 68/135/74 65/136/74 67/137/74 72/138/74
s 12
f 66/139/75 76/140/75 67/141/75 65/142/75
s 13
f 74/143/76 75/144/76 71/145/76 70/146/76
s 14
f 73/147/77 71/145/77 75/144/77 76/148/77
s 15
f 74/149/78 70/150/78 72/151/78 67/152/78
s 16
f 76/153/79 75/154/79 74/155/79 67/156/79
s 17
f 82/157/80 85/158/81 96/159/82 79/160/82
f 77/161/83 78/162/83 84/163/84 83/164/85
f 83/164/85 84/163/84 85/158/81 82/157/80
s 18
f 86/165/86 89/166/87 81/167/88 80/168/88
f 92/169/89 93/170/89 88/171/90 87/172/91
f 87/172/91 88/171/90 89/166/87 86/165/86
s 19
f 80/173/92 81/174/92 78/175/92 77/176/92
s 20
f 83/177/93 86/178/94 80/179/95 77/180/95
f 79/181/96 92/182/96 87/183/97 82/184/98
f 82/184/98 87/183/97 86/178/94 83/177/93
s 21
f 89/185/99 84/186/100 78/175/101 81/174/101
f 93/187/102 96/188/102 85/189/103 88/190/104
f 88/190/104 85/189/103 84/186/100 89/185/99
s 22
f 97/191/105 100/192/106 93/193/107 92/194/107
f 90/195/108 91/196/108 99/197/109 98/198/110
f 98/198/110 99/197/109 100/192/106 97/191/105
s 23
f 101/199/111 104/200/112 95/201/113 94/202/113
f 79/203/114 96/204/114 103/205/115 102/206/116
f 102/206/116 103/205/115 104/200/112 101/199/111
s 24
f 94/207/117 95/208/117 91/209/117 90/210/117
s 25
f 98/211/118 101/212/119 94/213/120 90/214/120
f 92/215/121 79/216/121 102/217/122 97/218/123
f 97/218/123 102/217/122 101/212/119 98/211/118
s 26
f 104/219/124 99/220/125 91/209/126 95/208/126
f 96/221/127 93/222/127 100/223/128 103/224/129
f 103/224/129 100/223/128 99/220/125 104/219/124
s 27
f 107/225/130 108/226/130 110/227/131 109/228/132
f 109/228/132 110/227/131 112/229/133 111/230/134
f 111/230/134 112/229/133 114/231/135 113/232/136
f 113/232/136 114/231/135 116/233/137 115/234/138
f 115/235/138 116/236/137 118/237/139 117/238/140
f 117/238/140 118/237/139 120/239/141 119/240/142
f 119/240/142 120/239/141 122/241/143 121/242/144
f 121/242/144 122/241/143 106/243/145 105/244/145
s 28
f 109/245/146 140/246/147 137/247/148 107/248/148
f 121/249/149 105/250/150 133/251/150 134/252/151
f 117/253/152 130/254/153 124/255/154 115/256/155
f 115/257/155 124/258/154 126/259/156 113/260/157
f 113/260/157 126/259/156 128/261/158 111/262/159
f 111/262/159 128/261/158 140/246/147 109/245/146
f 119/263/160 121/249/149 134/252/151 136/264/160
f 117/253/152 119/263/160 136/264/160 130/254/153
s 29
f 140/265/161 139/266/162 138/267/163 137/268/163
f 132/269/164 134/270/165 133/271/166 131/272/166
f 128/273/167 127/274/168 139/266/162 140/265/161
f 130/275/169 129/276/170 123/277/171 124/278/172
f 136/279/173 135/280/174 129/276/170 130/275/169
f 126/281/175 125/282/176 127/274/168 128/273/167
f 134/270/165 132/269/164 135/280/174 136/279/173
f 124/283/172 123/284/171 125/282/176 126/281/175
s 30
f 151/285/177 152/286/177 149/287/178 150/288/179
f 142/289/180 141/290/181 145/291/182 146/292/182
f 144/293/183 143/294/184 152/286/185 151/285/185
f 148/295/186 147/296/187 143/294/184 144/293/183
f 150/288/179 149/287/178 141/290/181 142/289/180
f 146/297/188 145/298/188 147/296/187 148/295/186
f 163/299/189 162/300/190 161/301/191 164/302/189
f 154/303/192 158/304/193 157/305/193 153/306/194
f 156/307/195 163/299/196 164/302/196 155/308/197
f 160/309/198 156/307/195 155/308/197 159/310/199
f 162/300/190 154/303/192 153/306/194 161/301/191
f 158/311/200 160/309/198 159/310/199 157/312/200
f 143/313/201 147/314/202 159/315/203 155/316/204
f 144/317/205 151/318/206 163/319/207 156/320/208
f 147/314/202 145/321/209 157/322/210 159/315/203
f 149/323/211 152/324/212 164/325/213 161/326/214
f 150/327/215 142/328/216 154/329/217 162/330/218
f 152/324/212 143/313/201 155/316/204 164/325/213
f 142/328/216 146/331/219 158/332/220 154/329/217
f 141/333/221 149/323/211 161/326/214 153/334/222
f 148/335/223 144/317/205 156/320/208 160/336/224
f 145/337/209 141/333/221 153/334/222 157/338/210
f 146/339/219 148/335/223 160/336/224 158/340/220
f 151/318/206 150/327/215 162/330/218 163/319/207
s 31
f 175/341/225 176/342/226 173/343/227 174/344/227
f 166/345/228 165/346/229 169/347/230 170/348/231
f 168/349/232 167/350/233 176/342/226 175/341/225
f 172/351/234 171/352/234 167/350/233 168/349/232
f 174/344/235 173/343/235 165/346/229 166/345/228
f 170/353/231 169/354/230 171/352/236 172/351/236
f 187/355/237 186/356/238 185/357/238 188/358/239
f 178/359/240 182/360/241 181/361/242 177/362/243
f 180/363/244 187/355/237 188/358/239 179/364/245
f 184/365/246 180/363/244 179/364/245 183/366/246
f 186/356/247 178/359/240 177/362/243 185/357/247
f 182/367/241 184/365/248 183/366/248 181/368/242
f 167/369/249 171/370/250 183/371/251 179/372/252
f 168/373/253 175/374/254 187/375/255 180/376/256
f 171/370/250 169/377/257 181/378/258 183/371/251
f 173/379/259 176/380/260 188/381/261 185/382/262
f 174/383/263 166/384/264 178/385/265 186/386/266
f 176/380/260 167/369/249 179/372/252 188/381/261
f 166/384/264 170/387/267 182/388/268 178/385/265
f 165/389/269 173/379/259 185/382/262 177/390/270
f 172/391/271 168/373/253 180/376/256 184/392/272
f 169/393/257 165/389/269 177/390/270 181/394/258
f 170/395/267 172/391/271 184/392/272 182/396/268
f 175/374/254 174/383/263 186/386/266 187/375/255
s 32
f 199/397/225 200/398/226 197/399/227 198/400/227
f 190/401/228 189/402/229 193/403/230 194/404/231
f 192/405/232 191/406/233 200/398/226 199/397/225
f 196/407/234 195/408/234 191/406/233 192/405/232
f 198/400/235 197/399/235 189/402/229 190/401/228
f 194/409/231 193/410/230 195/408/236 196/407/236
f 211/411/237 210/412/238 209/413/238 212/414/239
f 202/415/240 206/416/241 205/417/242 201/418/243
f 204/419/244 211/411/237 212/414/239 203/420/245
f 208/421/246 204/419/244 203/420/245 207/422/246
f 210/412/247 202/415/240 201/418/243 209/413/247
f 206/423/241 208/421/248 207/422/248 205/424/242
f 191/425/249 195/426/250 207/427/251 203/428/252
f 192/429/253 199/430/254 211/431/255 204/432/256
f 195/426/250 193/433/257 205/434/273 207/427/251
f 197/435/259 200/436/274 212/437/261 209/438/262
f 198/439/263 190/440/264 202/441/265 210/442/266
f 200/436/274 191/425/249 203/428/252 212/437/261
f 190/440/264 194/443/267 206/444/268 202/441/265
f 189/445/269 197/435/259 209/438/262 201/446/270
f 196/447/271 192/429/253 204/432/256 208/448/272
f 193/449/257 189/445/269 201/446/270 205/450/273
f 194/451/267 196/447/271 208/448/272 206/452/268
f 199/430/254 198/439/263 210/442/266 211/431/255
s 33
f 223/453/177 224/454/177 221/455/178 222/456/179
f 214/457/180 213/458/181 217/459/275 218/460/275
f 216/461/183 215/462/184 224/454/185 223/453/185
f 220/463/186 219/464/187 215/462/184 216/461/183
f 222/456/179 221/455/178 213/458/181 214/457/180
f 218/465/188 217/466/188 219/464/187 220/463/186
f 235/467/189 234/468/190 233/469/191 236/470/189
f 226/471/192 230/472/193 229/473/193 225/474/194
f 228/475/195 235/467/196 236/470/196 227/476/197
f 232/477/198 228/475/195 227/476/197 231/478/199
f 234/468/190 226/471/192 225/474/194 233/469/191
f 230/479/200 232/477/198 231/478/199 229/480/200
f 215/481/276 219/482/202 231/483/203 227/484/277
f 216/485/205 223/486/206 235/487/278 228/488/208
f 219/482/202 217/489/209 229/490/210 231/483/203
f 221/491/211 224/492/212 236/493/213 233/494/214
f 222/495/215 214/496/216 226/497/217 234/498/218
f 224/492/212 215/481/276 227/484/277 236/493/213
f 214/496/216 218/499/219 230/500/220 226/497/217
f 213/501/221 221/491/211 233/494/214 225/502/222
f 220/503/223 216/485/205 228/488/208 232/504/224
f 217/505/209 213/501/221 225/502/222 229/506/210
f 218/507/219 220/503/223 232/504/224 230/508/220
f 223/486/206 222/495/215 234/498/218 235/487/278
s 34
f 247/509/279 248/510/280 245/511/281 246/512/281
f 238/513/282 237/514/283 241/515/284 242/516/285
f 240/517/286 239/518/287 248/510/280 247/509/279
f 244/519/288 243/520/288 239/518/287 240/517/286
f 246/512/289 245/511/289 237/514/283 238/513/282
f 242/521/285 241/522/284 243/520/290 244/519/290
f 259/523/291 258/524/292 257/525/292 260/526/293
f 250/527/294 254/528/295 253/529/296 249/530/297
f 252/531/298 259/523/291 260/526/293 251/532/299
f 256/533/300 252/531/298 251/532/299 255/534/300
f 258/524/301 250/527/294 249/530/297 257/525/301
f 254/535/295 256/533/302 255/534/302 253/536/296
f 239/537/303 243/538/304 255/539/305 251/540/306
f 240/541/307 247/542/308 259/543/309 252/544/310
f 243/538/304 241/545/311 253/546/312 255/539/305
f 245/547/313 248/548/314 260/549/315 257/550/316
f 246/551/317 238/552/318 250/553/319 258/554/320
f 248/548/314 239/537/303 251/540/306 260/549/315
f 238/552/318 242/555/321 254/556/322 250/553/319
f 237/557/323 245/547/313 257/550/316 249/558/324
f 244/559/325 240/541/307 252/544/310 256/560/326
f 241/561/311 237/557/323 249/558/324 253/562/312
f 242/563/321 244/559/325 256/560/326 254/564/322
f 247/542/308 246/551/317 258/554/320 259/543/309
s 35
f 271/565/327 272/566/327 269/567/328 270/568/329
f 262/569/330 261/570/331 265/571/332 266/572/332
f 264/573/333 263/574/334 272/566/335 271/565/335
f 268/575/336 267/576/337 263/574/334 264/573/333
f 270/568/329 269/567/328 261/570/331 262/569/330
f 266/577/338 265/578/338 267/576/337 268/575/336
f 283/579/339 282/580/340 281/581/341 284/582/339
f 274/583/342 278/584/343 277/585/343 273/586/344
f 276/587/345 283/579/346 284/582/346 275/588/347
f 280/589/348 276/587/345 275/588/347 279/590/349
f 282/580/340 274/583/342 273/586/344 281/581/341
f 278/591/350 280/589/348 279/590/349 277/592/350
f 263/593/351 267/594/352 279/595/353 275/596/354
f 264/597/355 271/598/356 283/599/357 276/600/358
f 267/594/352 265/601/359 277/602/360 279/595/353
f 269/603/361 272/604/362 284/605/363 281/606/364
f 270/607/365 262/608/366 274/609/367 282/610/368
f 272/604/362 263/593/351 275/596/354 284/605/363
f 262/608/366 266/611/369 278/612/370 274/609/367
f 261/613/371 269/603/361 281/606/364 273/614/372
f 268/615/373 264/597/355 276/600/358 280/616/374
f 265/617/359 261/613/371 273/614/372 277/618/360
f 266/619/369 268/615/373 280/616/374 278/620/370
f 271/598/356 270/607/365 282/610/368 283/599/357
s 36
f 295/621/375 296/622/375 293/623/376 294/624/377
f 286/625/378 285/626/379 289/627/380 290/628/380
f 288/629/381 287/630/382 296/622/383 295/621/383
f 292/631/384 291/632/385 287/630/382 288/629/381
f 294/624/377 293/623/376 285/626/379 286/625/378
f 290/633/386 289/634/386 291/632/385 292/631/384
f 307/635/387 306/636/388 305/637/389 308/638/387
f 298/639/390 302/640/391 301/641/391 297/642/392
f 300/643/393 307/635/394 308/638/394 299/644/395
f 304/645/396 300/643/393 299/644/395 303/646/397
f 306/636/388 298/639/390 297/642/392 305/637/389
f 302/647/398 304/645/396 303/646/397 301/648/398
f 287/649/399 291/650/400 303/651/401 299/652/402
f 288/653/403 295/654/404 307/655/405 300/656/406
f 291/650/400 289/657/407 301/658/408 303/651/401
f 293/659/409 296/660/410 308/661/411 305/662/412
f 294/663/413 286/664/414 298/665/415 306/666/416
f 296/660/410 287/649/399 299/652/402 308/661/411
f 286/664/414 290/667/417 302/668/418 298/665/415
f 285/669/419 293/659/409 305/662/412 297/670/420
f 292/671/421 288/653/403 300/656/406 304/672/422
f 289/673/407 285/669/419 297/670/420 301/674/408
f 290/675/417 292/671/421 304/672/422 302/676/418
f 295/654/404 294/663/413 306/666/416 307/655/405
s 37
f 319/677/423 320/678/424 317/679/425 318/680/425
f 310/681/426 309/682/427 313/683/428 314/684/429
f 312/685/430 311/686/431 320/678/424 319/677/423
f 316/687/432 315/688/432 311/686/431 312/685/430
f 318/680/433 317/679/433 309/682/427 310/681/426
f 314/689/429 313/690/428 315/688/434 316/687/434
f 331/691/435 330/692/436 329/693/436 332/694/437
f 322/695/438 326/696/439 325/697/440 321/698/441
f 324/699/442 331/691/435 332/694/437 323/700/443
f 328/701/444 324/699/442 323/700/443 327/702/444
f 330/692/445 322/695/438 321/698/441 329/693/445
f 326/703/439 328/701/446 327/702/446 325/704/440
f 311/705/447 315/706/448 327/707/449 323/708/450
f 312/709/451 319/710/452 331/711/453 324/712/454
f 315/706/448 313/713/455 325/714/456 327/707/449
f 317/715/457 320/716/458 332/717/459 329/718/460
f 318/719/461 310/720/462 322/721/463 330/722/464
f 320/716/458 311/705/447 323/708/450 332/717/459
f 310/720/462 314/723/465 326/724/466 322/721/463
f 309/725/467 317/715/457 329/718/460 321/726/468
f 316/727/469 312/709/451 324/712/454 328/728/470
f 313/729/455 309/725/467 321/726/468 325/730/456
f 314/731/465 316/727/469 328/728/470 326/732/466
f 319/710/452 318/719/461 330/722/464 331/711/453
s 38
f 343/733/471 344/734/471 341/735/472 342/736/473
f 334/737/474 333/738/475 337/739/476 338/740/476
f 336/741/477 335/742/478 344/734/479 343/733/479
f 340/743/480 339/744/481 335/742/478 336/741/477
f 342/736/473 341/735/472 333/738/475 334/737/474
f 338/745/482 337/746/482 339/744/481 340/743/480
f 355/747/483 354/748/484 353/749/485 356/750/483
f 346/751/486 350/752/487 349/753/487 345/754/488
f 348/755/489 355/747/490 356/750/490 347/756/491
f 352/757/492 348/755/489 347/756/491 351/758/493
f 354/748/484 346/751/486 345/754/488 353/749/485
f 350/759/494 352/757/492 351/758/493 349/760/494
f 335/761/495 339/762/496 351/763/497 347/764/498
f 336/765/499 343/766/500 355/767/501 348/768/502
f 339/762/496 337/769/503 349/770/504 351/763/497
f 341/771/505 344/772/506 356/773/507 353/774/508
f 342/775/509 334/776/510 346/777/511 354/778/512
f 344/772/506 335/761/495 347/764/498 356/773/507
f 334/776/510 338/779/513 350/780/514 346/777/511
f 333/781/515 341/771/505 353/774/508 345/782/516
f 340/783/517 336/765/499 348/768/502 352/784/518
f 337/785/503 333/781/515 345/782/516 349/786/504
f 338/787/513 340/783/517 352/784/518 350/788/514
f 343/766/500 342/775/509 354/778/512 355/767/501
s 39
f 367/789/519 368/790/519 365/791/520 366/792/521
f 358/793/522 357/794/523 361/795/524 362/796/524
f 360/797/525 359/798/526 368/790/527 367/789/527
f 364/799/528 363/800/529 359/798/526 360/797/525
f 366/792/521 365/791/520 357/794/523 358/793/522
f 362/801/530 361/802/530 363/800/529 364/799/528
f 379/803/531 378/804/532 377/805/533 380/806/531
f 370/807/534 374/808/535 373/809/535 369/810/536
f 372/811/537 379/803/538 380/806/538 371/812/539
f 376/813/540 372/811/537 371/812/539 375/814/541
f 378/804/532 370/807/534 369/810/536 377/805/533
f 374/815/542 376/813/540 375/814/541 373/816/542
f 359/817/543 363/818/544 375/819/545 371/820/546
f 360/821/547 367/822/548 379/823/549 372/824/550
f 363/818/544 361/825/551 373/826/552 375/819/545
f 365/827/553 368/828/554 380/829/555 377/830/556
f 366/831/557 358/832/558 370/833/559 378/834/560
f 368/828/554 359/817/543 371/820/546 380/829/555
f 358/832/558 362/835/561 374/836/562 370/833/559
f 357/837/563 365/827/553 377/830/556 369/838/564
f 364/839/565 360/821/547 372/824/550 376/840/566
f 361/841/551 357/837/563 369/838/564 373/842/552
f 362/843/561 364/839/565 376/840/566 374/844/562
f 367/822/548 366/831/557 378/834/560 379/823/549
s 40
f 391/845/567 392/846/567 389/847/568 390/848/569
f 382/849/570 381/850/571 385/851/572 386/852/572
f 384/853/573 383/854/574 392/846/575 391/845/575
f 388/855/576 387/856/577 383/854/574 384/853/573
f 390/848/569 389/847/568 381/850/571 382/849/570
f 386/857/578 385/858/578 387/856/577 388/855/576
f 403/859/579 402/860/580 401/861/581 404/862/579
f 394/863/582 398/864/583 397/865/583 393/866/584
f 396/867/585 403/859/586 404/862/586 395/868/587
f 400/869/588 396/867/585 395/868/587 399/870/589
f 402/860/580 394/863/582 393/866/584 401/861/581
f 398/871/590 400/869/588 399/870/589 397/872/590
f 383/873/591 387/874/592 399/875/593 395/876/594
f 384/877/595 391/878/596 403/879/597 396/880/598
f 387/874/592 385/881/599 397/882/600 399/875/593
f 389/883/601 392/884/602 404/885/603 401/886/604
f 390/887/605 382/888/606 394/889/607 402/890/608
f 392/884/602 383/873/591 395/876/594 404/885/603
f 382/888/606 386/891/609 398/892/610 394/889/607
f 381/893/611 389/883/601 401/886/604 393/894/612
f 388/895/613 384/877/595 396/880/598 400/896/614
f 385/897/599 381/893/611 393/894/612 397/898/600
f 386/899/609 388/895/613 400/896/614 398/900/610
f 391/878/596 390/887/605 402/890/608 403/879/597
s 41
f 415/901/615 416/902/615 413/903/616 414/904/617
f 406/905/618 405/906/619 409/907/620 410/908/620
f 408/909/621 407/910/622 416/902/623 415/901/623
f 412/911/624 411/912/625 407/910/622 408/909/621
f 414/904/617 413/903/616 405/906/619 406/905/618
f 410/913/626 409/914/626 411/912/625 412/911/624
f 427/915/627 426/916/628 425/917/629 428/918/627
f 418/919/630 422/920/631 421/921/631 417/922/632
f 420/923/633 427/915/634 428/918/634 419/924/635
f 424/925/636 420/923/633 419/924/635 423/926/637
f 426/916/628 418/919/630 417/922/632 425/917/629
f 422/927/638 424/925/636 423/926/637 421/928/638
f 407/929/639 411/930/640 423/931/641 419/932/642
f 408/933/643 415/934/644 427/935/645 420/936/646
f 411/930/640 409/937/647 421/938/648 423/931/641
f 413/939/649 416/940/650 428/941/651 425/942/652
f 414/943/653 406/944/654 418/945/655 426/946/656
f 416/940/650 407/929/639 419/932/642 428/941/651
f 406/944/654 410/947/657 422/948/658 418/945/655
f 405/949/659 413/939/649 425/942/652 417/950/660
f 412/951/661 408/933/643 420/936/646 424/952/662
f 409/953/647 405/949/659 417/950/660 421/954/648
f 410/955/657 412/951/661 424/952/662 422/956/658
f 415/934/644 414/943/653 426/946/656 427/935/645
s 42
f 439/957/663 440/958/663 437/959/664 438/960/665
f 430/961/666 429/962/667 433/963/668 434/964/668
f 432/965/669 431/966/670 440/958/671 439/957/671
f 436/967/672 435/968/673 431/966/670 432/965/669
f 438/960/665 437/959/664 429/962/667 430/961/666
f 434/969/674 433/970/674 435/968/673 436/967/672
f 451/971/675 450/972/676 449/973/677 452/974/675
f 442/975/678 446/976/679 445/977/680 441/978/678
f 444/979/681 451/971/682 452/974/682 443/980/683
f 448/981/684 444/979/681 443/980/683 447/982/684
f 450/972/676 442/975/685 441/978/685 449/973/677
f 446/983/679 448/981/686 447/982/686 445/984/680
f 431/985/687 435/986/688 447/987/689 443/988/690
f 432/989/691 439/990/692 451/991/693 444/992/694
f 435/986/688 433/993/695 445/994/696 447/987/689
f 437/995/697 440/996/698 452/997/699 449/998/700
f 438/999/701 430/1000/702 442/1001/703 450/1002/704
f 440/996/698 431/985/687 443/988/690 452/997/699
f 430/1000/702 434/1003/705 446/1004/706 442/1001/703
f 429/1005/707 437/995/697 449/998/700 441/1006/708
f 436/1007/709 432/989/691 444/992/694 448/1008/710
f 433/1009/695 429/1005/707 441/1006/708 445/1010/696
f 434/1011/705 436/1007/709 448/1008/710 446/1012/706
f 439/990/692 438/999/701 450/1002/704 451/991/693
s 43
f 463/1013/711 464/1014/711 461/1015/712 462/1016/713
f 454/1017/714 453/1018/715 457/1019/716 458/1020/716
f 456/1021/717 455/1022/718 464/1014/719 463/1013/719
f 460/1023/720 459/1024/721 455/1022/718 456/1021/717
f 462/1016/713 461/1015/712 453/1018/715 454/1017/714
f 458/1025/722 457/1026/722 459/1024/721 460/1023/720
f 475/1027/723 474/1028/724 473/1029/725 476/1030/723
f 466/1031/726 470/1032/727 469/1033/727 465/1034/728
f 468/1035/729 475/1027/730 476/1030/730 467/1036/731
f 472/1037/732 468/1035/729 467/1036/731 471/1038/733
f 474/1028/724 466/1031/726 465/1034/728 473/1029/725
f 470/1039/734 472/1037/732 471/1038/733 469/1040/734
f 455/1041/735 459/1042/736 471/1043/737 467/1044/738
f 456/1045/739 463/1046/740 475/1047/741 468/1048/742
f 459/1042/736 457/1049/743 469/1050/744 471/1043/737
f 461/1051/745 464/1052/746 476/1053/747 473/1054/748
f 462/1055/749 454/1056/750 466/1057/751 474/1058/752
f 464/1052/746 455/1041/735 467/1044/738 476/1053/747
f 454/1056/750 458/1059/753 470/1060/754 466/1057/751
f 453/1061/755 461/1051/745 473/1054/748 465/1062/756
f 460/1063/757 456/1045/739 468/1048/742 472/1064/758
f 457/1065/743 453/1061/755 465/1062/756 469/1066/744
f 458/1067/753 460/1063/757 472/1064/758 470/1068/754
f 463/1046/740 462/1055/749 474/1058/752 475/1047/741
s 44
f 487/1069/759 488/1070/759 485/1071/760 486/1072/761
f 478/1073/762 477/1074/763 481/1075/764 482/1076/764
f 480/1077/765 479/1078/766 488/1070/767 487/1069/767
f 484/1079/768 483/1080/769 479/1078/766 480/1077/765
f 486/1072/761 485/1071/760 477/1074/763 478/1073/762
f 482/1081/770 481/1082/770 483/1080/769 484/1079/768
f 499/1083/771 498/1084/772 497/1085/773 500/1086/771
f 490/1087/774 494/1088/775 493/1089/775 489/1090/776
f 492/1091/777 499/1083/778 500/1086/778 491/1092/779
f 496/1093/780 492/1091/777 491/1092/779 495/1094/781
f 498/1084/772 490/1087/774 489/1090/776 497/1085/773
f 494/1095/782 496/1093/780 495/1094/781 493/1096/782
f 479/1097/783 483/1098/784 495/1099/785 491/1100/786
f 480/1101/787 487/1102/788 499/1103/789 492/1104/790
f 483/1098/784 481/1105/791 493/1106/792 495/1099/785
f 485/1107/793 488/1108/794 500/1109/795 497/1110/796
f 486/1111/797 478/1112/798 490/1113/799 498/1114/800
f 488/1108/794 479/1097/783 491/1100/786 500/1109/795
f 478/1112/798 482/1115/801 494/1116/802 490/1113/799
f 477/1117/803 485/1107/793 497/1110/796 489/1118/804
f 484/1119/805 480/1101/787 492/1104/790 496/1120/806
f 481/1121/791 477/1117/803 489/1118/804 493/1122/792
f 482/1123/801 484/1119/805 496/1120/806 494/1124/802
f 487/1102/788 486/1111/797 498/1114/800 499/1103/789
s 45
f 501/1125/807 502/1126/808 504/1127/809 503/1128/810
f 503/1129/810 504/1130/809 506/1131/811 505/1132/812
f 505/1132/812 506/1131/811 508/1133/813 507/1134/814
f 507/1134/814 508/1133/813 510/1135/815 509/1136/816
f 509/1136/816 510/1135/815 512/1137/817 511/1138/818
f 511/1139/818 512/1140/817 514/1141/819 513/1142/820
f 513/1142/820 514/1141/819 516/1143/821 515/1144/822
f 515/1144/822 516/1143/821 502/1126/808 501/1125/807
s 46
f 508/1145/823 514/1146/823 512/1147/823 510/1148/823
f 504/1149/823 502/1150/823 516/1151/823 506/1152/823
f 506/1152/823 516/1151/823 514/1146/823 508/1145/823
s 47
f 517/1153/824 518/1154/824 520/1155/825 519/1156/825
f 519/1156/825 520/1155/825 522/1157/826 521/1158/826
f 521/1159/826 522/1160/826 524/1161/827 523/1162/827
f 523/1162/827 524/1161/827 526/1163/828 525/1164/828
f 525/1164/828 526/1163/828 528/1165/829 527/1166/829
f 527/1166/829 528/1165/829 530/1167/830 529/1168/830
f 529/1169/830 530/1170/830 532/1171/831 531/1172/831
f 531/1172/831 532/1171/831 518/1154/824 517/1153/824
s 48
f 520/1173/832 518/1174/832 532/1175/832 522/1176/832
f 522/1176/832 532/1175/832 530/1177/832 524/1178/832
f 524/1178/832 530/1177/832 528/1179/832 526/1180/832
s 49
f 533/1181/833 534/1182/833 536/1183/834 535/1184/834
f 535/1184/834 536/1183/834 538/1185/835 537/1186/835
f 537/1187/835 538/1188/835 540/1189/836 539/1190/836
f 539/1190/836 540/1189/836 542/1191/837 541/1192/837
f 541/1192/837 542/1191/837 544/1193/838 543/1194/838
f 543/1194/838 544/1193/838 546/1195/839 545/1196/839
f 545/1197/839 546/1198/839 548/1199/840 547/1200/840
f 547/1200/840 548/1199/840 534/1182/833 533/1181/833
s 50
f 536/1201/841 534/1202/841 548/1203/841 538/1204/841
f 538/1204/841 548/1203/841 546/1205/841 540/1206/841
f 540/1206/841 546/1205/841 544/1207/841 542/1208/841
s 51
f 549/1209/842 550/1210/842 552/1211/843 551/1212/843
f 551/1212/843 552/1211/843 554/1213/844 553/1214/844
f 553/1215/844 554/1216/844 556/1217/845 555/1218/845
f 555/1218/845 556/1217/845 558/1219/846 557/1220/846
f 557/1220/846 558/1219/846 560/1221/847 559/1222/847
f 559/1222/847 560/1221/847 562/1223/848 561/1224/848
f 561/1225/848 562/1226/848 564/1227/849 563/1228/849
f 563/1228/849 564/1227/849 550/1210/842 549/1209/842
s 52
f 552/1229/850 550/1230/850 564/1231/850 554/1232/850
f 554/1232/850 564/1231/850 562/1233/850 556/1234/850
f 556/1234/850 562/1233/850 560/1235/850 558/1236/850
s 53
f 570/1237/851 573/1238/852 584/1239/853 567/1240/853
f 565/1241/854 566/1242/854 572/1243/855 571/1244/856
f 571/1244/856 572/1243/855 573/1238/852 570/1237/851
s 54
f 574/1245/857 577/1246/858 569/1247/859 568/1248/859
f 580/1249/860 581/1250/860 576/1251/861 575/1252/862
f 575/1252/862 576/1251/861 577/1246/858 574/1245/857
s 55
f 568/1253/863 569/1254/863 566/1255/863 565/1256/863
s 56
f 571/1257/864 574/1258/865 568/1259/866 565/1260/866
f 567/1261/867 580/1262/867 575/1263/868 570/1264/869
f 570/1264/869 575/1263/868 574/1258/865 571/1257/864
s 57
f 577/1265/870 572/1266/871 566/1255/872 569/1254/872
f 581/1267/873 584/1268/873 573/1269/874 576/1270/875
f 576/1270/875 573/1269/874 572/1266/871 577/1265/870
s 58
f 585/1271/876 588/1272/877 581/1273/878 580/1274/878
f 578/1275/879 579/1276/879 587/1277/880 586/1278/881
f 586/1278/881 587/1277/880 588/1272/877 585/1271/876
s 59
f 589/1279/882 592/1280/883 583/1281/884 582/1282/884
f 567/1283/885 584/1284/885 591/1285/886 590/1286/887
f 590/1286/887 591/1285/886 592/1280/883 589/1279/882
s 60
f 582/1287/888 583/1288/888 579/1289/888 578/1290/888
s 61
f 586/1291/889 589/1292/890 582/1293/891 578/1294/891
f 580/1295/892 567/1296/892 590/1297/893 585/1298/894
f 585/1298/894 590/1297/893 589/1292/890 586/1291/889
s 62
f 592/1299/895 587/1300/896 579/1289/897 583/1288/897
f 584/1301/898 581/1302/898 588/1303/899 591/1304/900
f 591/1304/900 588/1303/899 587/1300/896 592/1299/895
s 63
f 596/1305/901 597/1306/901 594/1307/901 593/1308/901
s 64
f 594/1307/902 597/1306/902 601/1309/902 604/1310/902
s 65
f 596/1311/903 593/1312/903 595/1313/903 600/1314/903
s 66
f 594/1315/904 604/1316/904 595/1317/904 593/1318/904
s 67
f 602/1319/905 603/1320/905 599/1321/905 598/1322/905
s 68
f 601/1323/906 599/1321/906 603/1320/906 604/1324/906
s 69
f 602/1325/907 598/1326/907 600/1327/907 595/1328/907
s 70
f 604/1329/908 603/1330/908 602/1331/908 595/1332/908
s 71
f 621/1333/909 606/1334/909 608/1335/910 622/1336/910
f 622/1336/910 608/1335/910 610/1337/911 623/1338/911
f 623/1338/911 610/1337/911 612/1339/912 624/1340/912
f 624/1340/912 612/1339/912 614/1341/913 625/1342/913
f 625/1343/913 614/1344/913 616/1345/914 626/1346/914
f 626/1346/914 616/1345/914 618/1347/915 627/1348/915
f 627/1348/915 618/1347/915 620/1349/916 628/1350/916
f 628/1350/916 620/1349/916 606/1351/909 621/1352/909
s 72
f 611/1353/916 613/1354/917 633/1355/917 632/1356/916
f 607/1357/914 609/1358/915 631/1359/915 630/1360/914
f 609/1358/915 611/1353/916 632/1356/916 631/1359/915
f 605/1361/918 607/1357/914 630/1360/914 629/1362/918
s 73
f 607/1363/919 605/1364/919 621/1365/919 622/1366/919
f 609/1367/919 607/1363/919 622/1366/919 623/1368/919
f 611/1369/919 609/1367/919 623/1368/919 624/1370/919
f 613/1371/919 611/1369/919 624/1370/919 625/1372/919
f 615/1373/919 613/1374/919 625/1375/919 626/1376/919
f 617/1377/919 615/1373/919 626/1376/919 627/1378/919
f 619/1379/919 617/1377/919 627/1378/919 628/1380/919
f 605/1381/919 619/1379/919 628/1380/919 621/1382/919
s 74
f 629/1383/919 630/1384/919 631/1385/919 632/1386/919 633/1387/919 634/1388/919 635/1389/919 636/1390/919
s 75
f 617/1391/911 619/1392/912 636/1393/912 635/1394/911
f 613/1395/920 615/1396/910 634/1397/910 633/1398/920
f 619/1392/912 605/1399/921 629/1400/921 636/1393/912
f 615/1396/910 617/1391/911 635/1394/911 634/1397/910
s 76
f 637/1401/922 638/1402/922 654/1403/922 655/1404/922
s 77
f 645/1405/923 648/1406/924 644/1407/925 643/1408/925
f 639/1409/926 640/1410/926 647/1411/927 646/1412/928
f 646/1412/928 647/1411/927 648/1406/924 645/1405/923
s 78
f 643/1413/929 644/1414/929 663/1415/929 662/1416/929
s 79
f 649/1417/930 652/1418/931 638/1419/932 637/1420/932
f 641/1421/933 642/1422/933 651/1423/934 650/1424/935
f 650/1424/935 651/1423/934 652/1418/931 649/1417/930
s 80
f 645/1425/936 643/1426/937 662/1427/938 661/1428/939 641/1429/937 650/1430/940
f 655/1431/941 649/1432/942 637/1433/943
f 646/1434/944 645/1425/936 650/1430/940 649/1432/942
f 661/1428/939 662/1427/938 666/1435/945 665/1436/945
f 646/1434/944 649/1432/942 655/1431/941 656/1437/946 658/1438/947
f 639/1439/948 646/1434/944 658/1438/947 660/1440/948
s 81
f 638/1441/949 652/1442/950 653/1443/949 654/1444/949
f 644/1445/951 648/1446/952 651/1447/953 642/1448/951 664/1449/954 663/1450/955
f 648/1446/952 647/1451/956 652/1442/950 651/1447/953
f 663/1450/955 664/1449/954 668/1452/957 667/1453/957
f 652/1442/950 647/1451/956 657/1454/949 653/1443/949
f 647/1451/956 640/1455/949 659/1456/949 657/1454/949
s 82
f 656/1457/958 653/1458/958 657/1459/958 658/1460/958
s 83
f 658/1460/959 657/1459/959 659/1461/959 660/1462/959
s 84
f 660/1462/960 659/1461/960 640/1463/960 639/1464/960
s 85
f 653/1458/961 656/1457/961 655/1404/961 654/1403/961
s 86
f 666/1465/962 667/1466/962 668/1467/962 665/1468/962
s 87
f 664/1469/963 661/1470/963 665/1468/963 668/1467/963
s 88
f 661/1470/964 664/1469/964 642/1471/964 641/1472/964
s 89
f 662/1416/965 663/1415/965 667/1466/965 666/1465/965
s 90
f 681/1473/966 670/1474/967 672/1475/968 682/1476/969
f 682/1476/969 672/1475/968 674/1477/970 683/1478/971
f 683/1479/972 674/1480/973 676/1481/973 684/1482/974
f 684/1482/975 676/1481/976 678/1483/976 685/1484/977
f 685/1484/977 678/1483/978 680/1485/978 686/1486/979
f 686/1487/980 680/1488/981 670/1474/967 681/1473/966
f 679/1489/982 686/1487/980 681/1473/966 669/1490/983
f 677/1491/984 685/1484/977 686/1486/979 679/1492/985
f 675/1493/986 684/1482/975 685/1484/977 677/1491/984
f 673/1494/987 683/1479/972 684/1482/974 675/1493/987
f 671/1495/988 682/1476/969 683/1478/971 673/1496/989
f 669/1490/983 681/1473/966 682/1476/969 671/1495/988
s 91
f 674/1497/990 680/1498/990 678/1499/990 676/1500/990
f 672/1501/990 670/1502/990 680/1498/990 674/1497/990
s 92
f 679/1503/991 673/1504/992 675/1505/993 677/1506/993
f 669/1507/994 671/1508/994 673/1504/992 679/1503/991
s 93
f 699/1509/995 688/1510/996 690/1511/997 700/1512/998
f 700/1512/998 690/1511/997 692/1513/999 701/1514/1000
f 701/1515/1001 692/1516/1002 694/1517/1003 702/1518/1004
f 702/1518/1004 694/1517/1003 696/1519/1005 703/1520/1006
f 703/1520/1007 696/1519/1008 698/1521/1008 704/1522/1009
f 704/1523/1010 698/1524/1011 688/1510/996 699/1509/995
f 697/1525/1012 704/1523/1010 699/1509/995 687/1526/1013
f 695/1527/1014 703/1520/1007 704/1522/1009 697/1528/1014
f 693/1529/1015 702/1518/1004 703/1520/1006 695/1527/1016
f 691/1530/1017 701/1515/1001 702/1518/1004 693/1529/1015
f 689/1531/1018 700/1512/998 701/1514/1000 691/1532/1018
f 687/1526/1013 699/1509/995 700/1512/998 689/1531/1019
s 94
f 692/1533/1020 698/1534/1020 696/1535/1020 694/1536/1020
f 690/1537/1020 688/1538/1020 698/1534/1020 692/1533/1020
s 95
f 697/1539/1021 691/1540/1021 693/1541/1021 695/1542/1021
f 687/1543/1021 689/1544/1021 691/1540/1021 697/1539/1021
s 96
f 717/1545/1022 706/1546/1023 708/1547/1023 718/1548/1024
f 718/1548/1025 708/1547/1026 710/1549/1026 719/1550/1025
f 719/1551/1027 710/1552/1028 712/1553/1028 720/1554/1029
f 720/1554/1030 712/1553/1031 714/1555/1032 721/1556/1033
f 721/1556/1033 714/1555/1032 716/1557/1034 722/1558/1035
f 722/1559/1035 716/1560/1034 706/1546/1036 717/1545/1037
f 715/1561/1038 722/1559/1035 717/1545/1037 705/1562/1039
f 713/1563/1040 721/1556/1033 722/1558/1035 715/1564/1038
f 711/1565/1041 720/1554/1030 721/1556/1033 713/1563/1040
f 709/1566/1042 719/1551/1027 720/1554/1029 711/1565/1042
f 707/1567/1043 718/1548/1025 719/1550/1025 709/1568/1043
f 705/1562/1044 717/1545/1022 718/1548/1024 707/1567/1044
s 97
f 710/1569/1045 716/1570/1045 714/1571/1046 712/1572/1046
f 708/1573/1047 706/1574/1047 716/1570/1045 710/1569/1045
s 98
f 715/1575/1048 709/1576/1048 711/1577/1048 713/1578/1048
f 705/1579/1048 707/1580/1048 709/1576/1048 715/1575/1048
s 99
f 735/1581/1049 724/1582/1050 726/1583/1051 736/1584/1052
f 736/1584/1052 726/1583/1051 728/1585/1053 737/1586/1054
f 737/1587/1054 728/1588/1053 730/1589/1055 738/1590/1056
f 738/1590/1056 730/1589/1055 732/1591/1057 739/1592/1058
f 739/1592/1058 732/1591/1057 734/1593/1059 740/1594/1060
f 740/1595/1060 734/1596/1059 724/1582/1050 735/1581/1049
f 733/1597/1061 740/1595/1060 735/1581/1049 723/1598/1062
f 731/1599/1063 739/1592/1058 740/1594/1060 733/1600/1061
f 729/1601/1064 738/1590/1056 739/1592/1058 731/1599/1063
f 727/1602/1065 737/1587/1054 738/1590/1056 729/1601/1064
f 725/1603/1066 736/1584/1052 737/1586/1054 727/1604/1065
f 723/1598/1062 735/1581/1049 736/1584/1052 725/1603/1066
s 100
f 728/1605/1067 734/1606/1067 732/1607/1067 730/1608/1067
f 726/1609/1067 724/1610/1067 734/1606/1067 728/1605/1067
s 101
f 733/1611/1068 727/1612/1068 729/1613/1068 731/1614/1068
f 723/1615/1068 725/1616/1068 727/1612/1068 733/1611/1068
s 102
f 743/1617/1069 744/1618/1069 746/1619/1070 745/1620/1071
f 745/1620/1071 746/1619/1070 748/1621/1072 747/1622/1073
f 747/1622/1073 748/1621/1072 750/1623/1074 749/1624/1075
f 749/1624/1075 750/1623/1074 752/1625/1076 751/1626/1077
f 751/1627/1077 752/1628/1076 754/1629/1078 753/1630/1079
f 753/1630/1079 754/1629/1078 756/1631/1080 755/1632/1081
f 755/1632/1081 756/1631/1080 758/1633/1082 757/1634/1083
f 757/1634/1083 758/1633/1082 742/1635/1084 741/1636/1084
s 103
f 745/1637/1085 776/1638/1086 773/1639/1087 743/1640/1087
f 757/1641/1088 741/1642/1089 769/1643/1089 770/1644/1090
f 753/1645/1091 766/1646/1092 760/1647/1093 751/1648/1094
f 751/1649/1094 760/1650/1093 762/1651/1095 749/1652/1096
f 749/1652/1096 762/1651/1095 764/1653/1097 747/1654/1098
f 747/1654/1098 764/1653/1097 776/1638/1086 745/1637/1085
f 755/1655/1099 757/1641/1088 770/1644/1090 772/1656/1099
f 753/1645/1091 755/1655/1099 772/1656/1099 766/1646/1092
s 104
f 776/1657/1100 775/1658/1101 774/1659/1102 773/1660/1102
f 768/1661/1103 770/1662/1104 769/1663/1105 767/1664/1105
f 764/1665/1106 763/1666/1107 775/1658/1101 776/1657/1100
f 766/1667/1108 765/1668/1109 759/1669/1110 760/1670/1111
f 772/1671/1112 771/1672/1113 765/1668/1109 766/1667/1108
f 762/1673/1114 761/1674/1115 763/1666/1107 764/1665/1106
f 770/1662/1104 768/1661/1103 771/1672/1113 772/1671/1112
f 760/1675/1111 759/1676/1110 761/1674/1115 762/1673/1114
s 105
f 802/1677/1116 793/1678/1117 780/1679/1118 786/1680/1119
f 789/1681/1120 802/1677/1116 786/1680/1119 779/1682/1120
f 803/1683/1121 808/1684/1122 790/1685/1123
f 808/1684/1122 806/1686/1124 791/1687/1125
f 808/1684/1122 791/1687/1125 792/1688/1126 801/1689/1127
f 801/1689/1127 792/1688/1126 793/1678/1117 802/1677/1116
f 785/1690/1128 778/1691/1129 806/1686/1124 808/1684/1122
f 777/1692/1130 785/1690/1128 808/1684/1122 803/1683/1121
s 106
f 786/1693/1131 780/1694/1132 784/1695/1132 787/1696/1133
f 779/1697/1134 786/1693/1131 787/1696/1133 783/1698/1134
s 107
f 805/1699/1135 804/1700/1136 782/1701/1137 788/1702/1138
f 807/1703/1139 805/1699/1135 788/1702/1138 781/1704/1140
f 783/1705/1141 787/1706/1142 799/1707/1143 795/1708/1141
f 787/1706/1142 784/1709/1144 796/1710/1145 799/1707/1143
f 799/1707/1143 796/1710/1145 797/1711/1146 800/1712/1147
f 800/1712/1147 797/1711/1146 798/1713/1148 805/1699/1135
f 794/1714/1149 805/1699/1135 807/1703/1139
f 805/1699/1135 798/1713/1148 804/1700/1136
s 108
f 788/1715/1150 782/1716/1151 778/1717/1151 785/1718/1152
f 781/1719/1153 788/1715/1150 785/1718/1152 777/1720/1153
s 109
f 803/1721/1154 807/1722/1155 781/1723/1156 777/1724/1156
f 790/1725/1157 794/1726/1157 807/1722/1155 803/1721/1154
s 110
f 804/1727/1158 806/1728/1159 778/1729/1160 782/1730/1160
f 784/1731/1161 780/1732/1161 793/1733/1162 796/1734/1163
f 796/1734/1163 793/1733/1162 792/1735/1164 797/1736/1165
f 797/1736/1165 792/1735/1164 791/1737/1166 798/1738/1167
f 798/1738/1167 791/1737/1166 806/1728/1159 804/1727/1158
s 111
f 779/1739/1168 783/1740/1168 795/1741/1168 789/1742/1168
s 112
f 809/1743/1169 811/1744/1169 812/1745/1169 810/1746/1169
s 113
f 813/1747/1170 814/1748/1170 816/1749/1170 815/1750/1170
s 114
f 818/1751/1171 849/1752/1172 832/1753/1173
f 818/1754/1171 832/1755/1173 831/1756/1174
f 819/1757/1175 834/1758/1176 821/1759/1177 820/1760/1178
f 821/1759/1177 828/1761/1179 829/1762/1180
f 822/1763/1181 829/1762/1180 850/1764/1182 833/1765/1183 823/1766/1184
f 823/1766/1184 833/1765/1183 837/1767/1185 825/1768/1186 824/1769/1187
f 824/1769/1187 825/1768/1186 840/1770/1188 827/1771/1189 826/1772/1190
f 826/1772/1190 827/1771/1189 838/1773/1191 835/1774/1191 836/1775/1192 817/1776/1193
f 820/1760/1178 821/1759/1177 829/1762/1180
f 822/1763/1181 820/1760/1178 829/1762/1180
f 817/1776/1193 836/1775/1192 849/1752/1172 818/1751/1171
f 819/1757/1175 818/1754/1171 831/1756/1174 834/1758/1176
s 115
f 837/1777/1194 841/1778/1194 840/1779/1194 825/1780/1194
s 116
f 840/1779/1195 841/1778/1196 827/1781/1197
f 841/1778/1196 838/1782/1198 827/1781/1197
s 117
f 833/1783/1199 843/1784/1200 841/1778/1201 837/1777/1199
f 843/1784/1200 836/1785/1202 835/1786/1203
f 841/1778/1201 843/1784/1200 835/1786/1203 838/1782/1204
s 118
f 832/1787/1205 849/1788/1205 842/1789/1205
s 119
f 834/1758/1206 848/1790/1206 847/1791/1207 821/1759/1208
f 847/1791/1207 846/1792/1209 828/1761/1209 821/1759/1208
s 120
f 830/1793/1210 842/1789/1211 829/1794/1212 828/1795/1212
f 832/1787/1213 842/1789/1211 830/1793/1210
f 831/1796/1214 832/1787/1213 830/1793/1210
s 121
f 839/1797/1215 846/1792/1216 847/1791/1217
f 847/1791/1217 848/1790/1218 839/1797/1215
s 122
f 828/1795/1219 846/1798/1220 845/1799/1221 830/1793/1219
f 845/1799/1221 846/1798/1220 839/1800/1222
s 123
f 839/1800/1223 844/1801/1224 845/1799/1225
f 831/1796/1226 844/1801/1224 848/1802/1227 834/1803/1228
f 845/1799/1225 844/1801/1224 831/1796/1226 830/1793/1229
f 848/1802/1227 844/1801/1224 839/1800/1223
s 124
f 842/1789/1230 850/1804/1230 829/1794/1230
s 125
f 842/1789/1231 849/1788/1232 836/1785/1232 843/1784/1233
f 850/1804/1234 842/1789/1231 843/1784/1233 833/1783/1234
s 126
f 867/1805/1235 852/1806/1235 854/1807/1236 868/1808/1236
f 868/1808/1236 854/1807/1236 856/1809/1237 869/1810/1237
f 869/1810/1237 856/1809/1237 858/1811/1238 870/1812/1238
f 870/1812/1238 858/1811/1238 860/1813/1239 871/1814/1239
f 871/1815/1239 860/1816/1239 862/1817/1240 872/1818/1240
f 872/1818/1240 862/1817/1240 864/1819/1241 873/1820/1241
f 873/1820/1241 864/1819/1241 866/1821/1242 874/1822/1242
f 874/1822/1242 866/1821/1242 852/1823/1235 867/1824/1235
s 127
f 857/1825/1242 859/1826/1243 879/1827/1243 878/1828/1242
f 853/1829/1240 855/1830/1241 877/1831/1241 876/1832/1240
f 855/1830/1241 857/1825/1242 878/1828/1242 877/1831/1241
f 851/1833/1244 853/1829/1240 876/1832/1240 875/1834/1244
s 128
f 853/1835/1245 851/1836/1245 867/1837/1245 868/1838/1245
f 855/1839/1245 853/1835/1245 868/1838/1245 869/1840/1245
f 857/1841/1245 855/1839/1245 869/1840/1245 870/1842/1245
f 859/1843/1245 857/1841/1245 870/1842/1245 871/1844/1245
f 861/1845/1245 859/1846/1245 871/1847/1245 872/1848/1245
f 863/1849/1245 861/1845/1245 872/1848/1245 873/1850/1245
f 865/1851/1245 863/1849/1245 873/1850/1245 874/1852/1245
f 851/1853/1245 865/1851/1245 874/1852/1245 867/1854/1245
s 129
f 875/1855/1245 876/1856/1245 877/1857/1245 878/1858/1245 879/1859/1245 880/1860/1245 881/1861/1245 882/1862/1245
s 130
f 863/1863/1237 865/1864/1238 882/1865/1238 881/1866/1237
f 859/1867/1246 861/1868/1236 880/1869/1236 879/1870/1246
f 865/1864/1238 851/1871/1247 875/1872/1247 882/1865/1238
f 861/1868/1236 863/1863/1237 881/1866/1237 880/1869/1236
s 131
f 895/1873/1049 884/1874/1050 886/1875/1051 896/1876/1052
f 896/1876/1052 886/1875/1051 888/1877/1053 897/1878/1054
f 897/1879/1054 888/1880/1053 890/1881/1055 898/1882/1056
f 898/1882/1056 890/1881/1055 892/1883/1057 899/1884/1058
f 899/1884/1058 892/1883/1057 894/1885/1059 900/1886/1060
f 900/1887/1060 894/1888/1059 884/1874/1050 895/1873/1049
f 893/1889/1061 900/1887/1060 895/1873/1049 883/1890/1062
f 891/1891/1063 899/1884/1058 900/1886/1060 893/1892/1061
f 889/1893/1064 898/1882/1056 899/1884/1058 891/1891/1063
f 887/1894/1065 897/1879/1054 898/1882/1056 889/1893/1064
f 885/1895/1066 896/1876/1052 897/1878/1054 887/1896/1065
f 883/1890/1062 895/1873/1049 896/1876/1052 885/1895/1066
s 132
f 888/1897/1067 894/1898/1067 892/1899/1067 890/1900/1067
f 886/1901/1067 884/1902/1067 894/1898/1067 888/1897/1067
s 133
f 893/1903/1068 887/1904/1068 889/1905/1068 891/1906/1068
f 883/1907/1068 885/1908/1068 887/1904/1068 893/1903/1068
s 134
f 901/1909/1248 902/1910/1248 918/1911/1248 919/1912/1248
s 135
f 909/1913/1249 912/1914/1250 908/1915/1251 907/1916/1251
f 903/1917/1252 904/1918/1252 911/1919/1253 910/1920/1254
f 910/1920/1254 911/1919/1253 912/1914/1250 909/1913/1249
s 136
f 907/1921/1255 908/1922/1255 927/1923/1255 926/1924/1255
s 137
f 913/1925/1256 916/1926/1257 902/1927/1258 901/1928/1258
f 905/1929/1259 906/1930/1259 915/1931/1260 914/1932/1261
f 914/1932/1261 915/1931/1260 916/1926/1257 913/1925/1256
s 138
f 909/1933/1262 907/1934/1263 926/1935/1264 925/1936/1265 905/1937/1263 914/1938/1266
f 919/1939/1267 913/1940/1268 901/1941/1269
f 910/1942/1270 909/1933/1262 914/1938/1266 913/1940/1268
f 925/1936/1265 926/1935/1264 930/1943/1271 929/1944/1271
f 910/1942/1270 913/1940/1268 919/1939/1267 920/1945/1272 922/1946/1273
f 903/1947/1274 910/1942/1270 922/1946/1273 924/1948/1274
s 139
f 902/1949/1275 916/1950/1276 917/1951/1275 918/1952/1275
f 908/1953/1277 912/1954/1278 915/1955/1279 906/1956/1277 928/1957/1280 927/1958/1281
f 912/1954/1278 911/1959/1282 916/1950/1276 915/1955/1279
f 927/1958/1281 928/1957/1280 932/1960/1283 931/1961/1283
f 916/1950/1276 911/1959/1282 921/1962/1275 917/1951/1275
f 911/1959/1282 904/1963/1275 923/1964/1275 921/1962/1275
s 140
f 920/1965/1284 917/1966/1284 921/1967/1284 922/1968/1284
s 141
f 922/1968/1285 921/1967/1285 923/1969/1285 924/1970/1285
s 142
f 924/1970/1286 923/1969/1286 904/1971/1286 903/1972/1286
s 143
f 917/1966/1287 920/1965/1287 919/1912/1287 918/1911/1287
s 144
f 930/1973/1288 931/1974/1288 932/1975/1288 929/1976/1288
s 145
f 928/1977/1289 925/1978/1289 929/1976/1289 932/1975/1289
s 146
f 925/1978/1290 928/1977/1290 906/1979/1290 905/1980/1290
s 147
f 926/1924/1291 927/1923/1291 931/1974/1291 930/1973/1291
s 148
f 933/1981/1292 934/1982/1293 936/1983/1294 935/1984/1295
f 935/1985/1295 936/1986/1294 938/1987/1296 937/1988/1297
f 937/1988/1297 938/1987/1296 940/1989/1298 939/1990/1299
f 939/1990/1299 940/1989/1298 942/1991/1300 941/1992/1301
f 941/1992/1301 942/1991/1300 944/1993/1302 943/1994/1303
f 943/1994/1303 944/1993/1302 946/1995/1304 945/1996/1305
f 945/1996/1305 946/1995/1304 948/1997/1306 947/1998/1307
f 947/1998/1307 948/1997/1306 934/1982/1293 933/1981/1292
s 149
f 946/1999/1308 944/2000/1309 954/2001/1310 955/2002/1311
f 942/2003/1312 940/2004/1313 952/2005/1314 953/2006/1315
f 948/2007/1316 946/1999/1308 955/2002/1311 956/2008/1317
f 938/2009/1318 936/2010/1319 949/2011/1320 951/2012/1321
f 944/2000/1309 942/2003/1312 953/2006/1315 954/2001/1310
f 934/2013/1322 948/2007/1316 956/2008/1317 950/2014/1323
f 936/2015/1319 934/2013/1322 950/2014/1323 949/2016/1320
f 940/2004/1313 938/2009/1318 951/2012/1321 952/2005/1314
s 150
f 954/2001/1324 953/2006/1325 961/2017/1326 962/2018/1327
f 952/2005/1328 951/2012/1329 959/2019/1330 960/2020/1331
f 949/2016/1332 950/2014/1333 958/2021/1334 957/2022/1335
f 950/2014/1333 956/2008/1336 964/2023/1337 958/2021/1334
f 955/2002/1338 954/2001/1324 962/2018/1327 963/2024/1339
f 953/2006/1325 952/2005/1328 960/2020/1331 961/2017/1326
f 951/2012/1329 949/2011/1332 957/2025/1335 959/2019/1330
f 956/2008/1336 955/2002/1338 963/2024/1339 964/2023/1337
s 151
f 964/2026/1340 963/2027/1341 971/2028/1342 972/2029/1343
f 962/2030/1344 961/2031/1345 969/2032/1346 970/2033/1347
f 960/2034/1348 959/2035/1349 967/2036/1350 968/2037/1351
f 957/2038/1352 958/2039/1353 966/2040/1354 965/2041/1355
f 958/2039/1353 964/2026/1340 972/2029/1343 966/2040/1354
f 963/2027/1341 962/2030/1344 970/2033/1347 971/2028/1342
f 961/2031/1345 960/2034/1348 968/2037/1351 969/2032/1346
f 959/2035/1349 957/2042/1352 965/2043/1355 967/2036/1350
s 152
f 971/2028/1356 970/2033/1357 978/2044/1358 979/2045/1359
f 969/2032/1360 968/2037/1361 976/2046/1362 977/2047/1363
f 967/2036/1364 965/2043/1365 973/2048/1366 975/2049/1367
f 972/2029/1368 971/2028/1356 979/2045/1359 980/2050/1369
f 970/2033/1357 969/2032/1360 977/2047/1363 978/2044/1358
f 968/2037/1361 967/2036/1364 975/2049/1367 976/2046/1362
f 965/2041/1365 966/2040/1370 974/2051/1371 973/2052/1366
f 966/2040/1370 972/2029/1368 980/2050/1369 974/2051/1371
s 153
f 973/2053/1372 974/2054/1373 982/2055/1374 981/2056/1375
f 974/2054/1373 980/2057/1376 988/2058/1377 982/2055/1374
f 979/2059/1378 978/2060/1379 986/2061/1380 987/2062/1381
f 977/2063/1382 976/2064/1383 984/2065/1384 985/2066/1385
f 975/2067/1386 973/2068/1372 981/2069/1375 983/2070/1387
f 980/2057/1376 979/2059/1378 987/2062/1381 988/2058/1377
f 978/2060/1379 977/2063/1382 985/2066/1385 986/2061/1380
f 976/2064/1383 975/2067/1386 983/2070/1387 984/2065/1384
s 154
f 988/2071/1388 987/2072/1389 995/2073/1390 996/2074/1391
f 986/2075/1392 985/2076/1393 993/2077/1394 994/2078/1395
f 984/2079/1396 983/2080/1397 991/2081/1398 992/2082/1399
f 981/2083/1400 982/2084/1401 990/2085/1402 989/2086/1403
f 982/2084/1401 988/2071/1388 996/2074/1391 990/2085/1402
f 987/2072/1389 986/2075/1392 994/2078/1395 995/2073/1390
f 985/2076/1393 984/2079/1396 992/2082/1399 993/2077/1394
f 983/2080/1397 981/2087/1400 989/2088/1403 991/2081/1398
s 155
f 991/2089/1404 989/2090/1405 997/2091/1406
f 996/2092/1407 995/2093/1408 997/2091/1406
f 994/2094/1409 993/2095/1410 997/2091/1406
f 992/2096/1411 991/2089/1404 997/2091/1406
f 989/2097/1405 990/2098/1412 997/2091/1406
f 990/2098/1412 996/2092/1407 997/2091/1406
f 995/2093/1408 994/2094/1409 997/2091/1406
f 993/2095/1410 992/2096/1411 997/2091/1406
s 156
f 998/2099/1413 999/2100/1413 1001/2101/1414 1000/2102/1414
f 1000/2102/1414 1001/2101/1414 1003/2103/1415 1002/2104/1415
f 1002/2105/1415 1003/2106/1415 1005/2107/1416 1004/2108/1416
f 1004/2108/1416 1005/2107/1416 1007/2109/1417 1006/2110/1417
f 1006/2110/1417 1007/2109/1417 1009/2111/1418 1008/2112/1418
f 1008/2112/1418 1009/2111/1418 1011/2113/1419 1010/2114/1419
f 1010/2115/1419 1011/2116/1419 1013/2117/1420 1012/2118/1420
f 1012/2118/1420 1013/2117/1420 999/2100/1413 998/2099/1413
s 157
f 1001/2119/1421 999/2120/1421 1013/2121/1421 1003/2122/1421
f 1003/2122/1421 1013/2121/1421 1011/2123/1421 1005/2124/1421
f 1005/2124/1421 1011/2123/1421 1009/2125/1421 1007/2126/1421
s 158
f 1014/2127/1422 1015/2128/1423 1017/2129/1424 1016/2130/1425
f 1016/2131/1425 1017/2132/1424 1019/2133/1426 1018/2134/1427
f 1018/2134/1427 1019/2133/1426 1021/2135/1428 1020/2136/1429
f 1020/2136/1429 1021/2135/1428 1023/2137/1430 1022/2138/1431
f 1022/2138/1431 1023/2137/1430 1025/2139/1432 1024/2140/1433
f 1024/2141/1433 1025/2142/1432 1027/2143/1434 1026/2144/1435
f 1026/2144/1435 1027/2143/1434 1029/2145/1436 1028/2146/1437
f 1028/2146/1437 1029/2145/1436 1015/2128/1423 1014/2127/1422
s 159
f 1021/2147/1438 1027/2148/1438 1025/2149/1438 1023/2150/1438
f 1017/2151/1438 1015/2152/1438 1029/2153/1438 1019/2154/1438
f 1019/2154/1438 1029/2153/1438 1027/2148/1438 1021/2147/1438
s 160
f 1040/2155/1439 1041/2156/1439 1038/2157/1440 1039/2158/1441
f 1031/2159/1442 1030/2160/1443 1034/2161/1444 1035/2162/1444
f 1033/2163/1445 1032/2164/1446 1041/2156/1447 1040/2155/1447
f 1037/2165/1448 1036/2166/1449 1032/2164/1446 1033/2163/1445
f 1039/2158/1441 1038/2157/1440 1030/2160/1443 1031/2159/1442
f 1035/2167/1450 1034/2168/1450 1036/2166/1449 1037/2165/1448
f 1052/2169/1451 1051/2170/1452 1050/2171/1453 1053/2172/1451
f 1043/2173/1454 1047/2174/1455 1046/2175/1455 1042/2176/1456
f 1045/2177/1457 1052/2169/1458 1053/2172/1458 1044/2178/1459
f 1049/2179/1460 1045/2177/1457 1044/2178/1459 1048/2180/1461
f 1051/2170/1452 1043/2173/1454 1042/2176/1456 1050/2171/1453
f 1047/2181/1462 1049/2179/1460 1048/2180/1461 1046/2182/1462
f 1032/2183/1463 1036/2184/1464 1048/2185/1465 1044/2186/1466
f 1033/2187/1467 1040/2188/1468 1052/2189/1469 1045/2190/1470
f 1036/2184/1464 1034/2191/1471 1046/2192/1472 1048/2185/1465
f 1038/2193/1473 1041/2194/1474 1053/2195/1475 1050/2196/1476
f 1039/2197/1477 1031/2198/1478 1043/2199/1479 1051/2200/1480
f 1041/2194/1474 1032/2183/1463 1044/2186/1466 1053/2195/1475
f 1031/2198/1478 1035/2201/1481 1047/2202/1482 1043/2199/1479
f 1030/2203/1483 1038/2193/1473 1050/2196/1476 1042/2204/1484
f 1037/2205/1485 1033/2187/1467 1045/2190/1470 1049/2206/1486
f 1034/2207/1471 1030/2203/1483 1042/2204/1484 1046/2208/1472
f 1035/2209/1481 1037/2205/1485 1049/2206/1486 1047/2210/1482
f 1040/2188/1468 1039/2197/1477 1051/2200/1480 1052/2189/1469
s 161
f 1119/2211/1487 1055/2212/1488 1057/2213/1489 1120/2214/1490
f 1120/2215/1490 1057/2216/1489 1059/2217/1491 1121/2218/1492
f 1098/2219/1493 1077/2220/1494 1124/2221/1495
f 1130/2222/1496 1121/2218/1492 1125/2223/1497 1131/2224/1498
f 1055/2212/1488 1083/2225/1499 1082/2226/1500 1057/2213/1489
f 1098/2227/1501 1101/2228/1502 1079/2229/1503 1077/2230/1503
f 1099/2231/1504 1059/2217/1491 1084/2232/1505 1081/2233/1506
f 1102/2234/1507 1099/2235/1508 1081/2236/1509 1087/2237/1509
f 1057/2216/1489 1082/2238/1500 1084/2232/1505 1059/2217/1491
f 1101/2228/1502 1098/2227/1501 1100/2239/1510 1103/2240/1511
f 1103/2240/1511 1100/2239/1510 1099/2235/1508 1102/2234/1507
f 1129/2241/1512 1120/2215/1490 1121/2218/1492 1130/2222/1496
f 1128/2242/1513 1119/2211/1487 1120/2214/1490 1129/2243/1512
f 1125/2223/1497 1124/2221/1495 1061/2244/1514 1131/2224/1498
f 1100/2245/1515 1059/2217/1491 1099/2231/1504
f 1125/2223/1497 1121/2218/1492 1059/2217/1491 1100/2245/1515
f 1100/2245/1515 1098/2219/1493 1124/2221/1495 1125/2223/1497
s 162
f 1096/2246/1516 1080/2247/1517 1085/2248/1518 1065/2249/1519
f 1146/2250/1520 1158/2251/1521 1157/2252/1522 1067/2253/1523
f 1065/2249/1519 1085/2248/1518 1086/2254/1524 1067/2255/1523
f 1096/2256/1525 1104/2257/1526 1091/2258/1527 1080/2259/1527
f 1105/2260/1528 1095/2261/1529 1078/2262/1530 1090/2263/1530
f 1132/2264/1531 1126/2265/1532 1122/2266/1533 1135/2267/1534
f 1067/2253/1523 1086/2268/1524 1083/2269/1535 1055/2270/1535 1146/2250/1520
f 1095/2261/1529 1105/2260/1528 1106/2271/1536 1097/2272/1537
f 1097/2272/1537 1106/2271/1536 1104/2257/1526 1096/2256/1525
f 1136/2273/1538 1151/2274/1539 1152/2275/1540 1148/2276/1540
f 1135/2267/1534 1122/2266/1533 1123/2277/1541 1151/2278/1539
f 1127/2279/1542 1126/2265/1532 1132/2264/1531 1062/2280/1543
f 1065/2249/1519 1097/2281/1544 1096/2246/1516
f 1157/2252/1522 1158/2251/1521 1150/2282/1545 1149/2283/1545
f 1067/2255/1523 1123/2277/1541 1122/2266/1533 1065/2249/1519
f 1122/2266/1533 1126/2265/1532 1097/2281/1544 1065/2249/1519
f 1078/2284/1546 1095/2285/1547 1127/2279/1542
f 1127/2279/1542 1095/2285/1547 1097/2281/1544 1126/2265/1532
f 1136/2286/1538 1135/2267/1534 1151/2278/1539
s 163
f 1063/2287/1548 1064/2288/1549 1139/2289/1549 1137/2290/1548
f 1134/2291/1550 1063/2287/1548 1137/2290/1548 1145/2292/1550
f 1064/2288/1549 1066/2293/1551 1141/2294/1551 1139/2289/1549
f 1066/2293/1551 1054/2295/1552 1143/2296/1552 1141/2294/1551
s 164
f 1072/2297/1553 1075/2298/1554 1089/2299/1554 1092/2300/1555
f 1074/2301/1556 1073/2302/1557 1088/2303/1558 1093/2304/1556
f 1112/2305/1559 1070/2306/1560 1091/2307/1561 1104/2308/1562
f 1071/2309/1563 1113/2310/1564 1102/2311/1565 1087/2312/1566
f 1113/2310/1564 1069/2313/1567 1079/2314/1567 1101/2315/1568
f 1073/2302/1557 1071/2309/1563 1087/2312/1566 1088/2303/1558
f 1070/2306/1560 1072/2297/1553 1092/2300/1555 1091/2307/1561
f 1068/2316/1569 1112/2305/1559 1105/2317/1570 1090/2318/1569
f 1101/2315/1568 1103/2319/1571 1113/2310/1564
f 1103/2319/1571 1102/2311/1565 1113/2310/1564
f 1104/2308/1562 1106/2320/1572 1112/2305/1559
f 1106/2320/1572 1105/2317/1570 1112/2305/1559
f 1107/2321/1573 1070/2322/1560 1112/2323/1559 1114/2324/1574
f 1071/2325/1563 1111/2326/1575 1118/2327/1576 1113/2328/1564
f 1110/2329/1577 1109/2330/1578 1116/2331/1579 1117/2332/1580
f 1108/2333/1581 1107/2321/1573 1114/2324/1574 1115/2334/1582
f 1111/2326/1575 1110/2329/1577 1117/2332/1580 1118/2327/1576
f 1109/2330/1578 1108/2333/1581 1115/2334/1582 1116/2331/1579
s 165
f 1074/2335/1583 1076/2336/1584 1075/2337/1585
f 1072/2338/1586 1070/2339/1587 1107/2340/1588
f 1074/2335/1583 1075/2337/1585 1072/2338/1586 1073/2341/1589
f 1072/2338/1586 1107/2340/1588 1108/2342/1590
f 1072/2338/1586 1108/2342/1590 1109/2343/1591
f 1071/2344/1592 1073/2341/1589 1111/2345/1593
f 1111/2345/1593 1073/2341/1589 1110/2346/1594
f 1073/2341/1589 1072/2338/1586 1109/2343/1591
f 1110/2346/1594 1073/2341/1589 1109/2343/1591
s 166
f 1092/2347/1595 1085/2348/1596 1080/2259/1597 1091/2258/1597
f 1083/2349/1598 1086/2350/1599 1089/2351/1600 1094/2352/1601
f 1092/2347/1595 1089/2351/1600 1086/2350/1599 1085/2348/1596
f 1084/2353/1602 1082/2354/1603 1093/2355/1604 1088/2356/1605
f 1084/2353/1602 1088/2356/1605 1087/2237/1606 1081/2236/1606
f 1082/2354/1603 1083/2357/1598 1094/2358/1601 1093/2355/1604
s 167
f 1075/2298/1607 1076/2359/1607 1094/2360/1607 1089/2299/1607
s 168
f 1076/2361/1608 1074/2301/1608 1093/2304/1608 1094/2362/1608
s 169
f 1056/2363/1609 1058/2364/1610 1140/2365/1610 1142/2366/1609
f 1058/2364/1610 1060/2367/1611 1138/2368/1611 1140/2365/1610
f 1060/2367/1611 1133/2369/1612 1144/2370/1612 1138/2368/1611
f 1054/2371/1613 1056/2363/1609 1142/2366/1609 1143/2372/1613
s 170
f 1113/2373/1614 1112/2374/1615 1068/2375/1616 1069/2376/1616
f 1113/2373/1614 1118/2377/1617 1117/2378/1618
f 1112/2374/1615 1113/2373/1614 1114/2379/1619
f 1114/2379/1619 1113/2373/1614 1115/2380/1620
f 1115/2380/1620 1113/2373/1614 1116/2381/1621
f 1116/2381/1621 1113/2373/1614 1117/2378/1618
s 171
f 1056/2382/1622 1054/2383/1622 1128/2384/1622 1129/2385/1622
f 1058/2386/1623 1056/2382/1622 1129/2385/1622 1130/2387/1622
f 1060/2388/1624 1058/2386/1623 1130/2387/1622 1131/2389/1624
f 1133/2390/1625 1060/2388/1624 1131/2389/1624 1061/2391/1625
f 1063/2392/1626 1134/2393/1627 1062/2394/1627 1132/2395/1626
f 1064/2396/1623 1063/2392/1626 1132/2395/1626 1135/2397/1622
f 1066/2398/1622 1064/2396/1623 1135/2397/1622 1136/2399/1622
f 1054/2383/1622 1066/2398/1622 1136/2399/1622 1148/2400/1622 1128/2384/1622
s 172
f 1142/2401/1622 1141/2402/1622 1143/2403/1622
f 1137/2404/1628 1138/2405/1628 1144/2406/1629 1145/2407/1629
f 1138/2405/1628 1137/2404/1628 1139/2408/1623 1140/2409/1623
f 1140/2409/1623 1139/2408/1623 1141/2402/1622 1142/2401/1622
s 173
f 1147/2410/1630 1154/2411/1631 1123/2412/1632 1149/2283/1630 1150/2282/1630
f 1154/2411/1631 1153/2413/1633 1123/2412/1632
s 174
f 1123/2414/1634 1157/2252/1635 1149/2283/1636
f 1157/2252/1635 1123/2414/1634 1067/2253/1637
s 175
f 1155/2415/1638 1156/2416/1638 1153/2417/1638 1154/2418/1638
s 176
f 1152/2275/1639 1151/2274/1639 1156/2419/1639 1155/2420/1639
s 177
f 1151/2274/1640 1123/2421/1640 1153/2422/1640 1156/2419/1640
s 178
f 1159/2423/1641 1161/2424/1641 1162/2425/1641 1160/2426/1641
s 179
f 1163/2427/1642 1165/2428/1642 1166/2429/1642 1164/2430/1642
